customerID;international_plan;total_day_charge;total_eve_charge;customer_service_calls;churn
0;0;45.07;16.78;1;0
1;0;27.47;16.62;1;0
2;0;41.38;10.3;0;0
3;1;50.9;5.26;2;0
4;1;28.34;12.61;3;0
5;1;37.98;18.75;0;0
6;0;37.09;29.62;3;0
7;1;26.69;8.76;0;0
8;0;31.37;29.89;1;0
9;1;43.96;18.87;0;0
10;0;21.95;19.42;4;1
11;0;31.91;13.89;0;0
12;0;21.9;8.92;1;0
13;0;26.62;21.05;3;0
14;0;20.52;26.11;4;0
15;0;56.59;27.01;4;1
16;0;33.39;23.88;1;0
17;0;32.42;18.55;3;0
18;0;32.25;18.09;1;0
19;0;38.15;13.56;1;0
20;0;26.37;20.37;0;0
21;0;10.61;14.44;5;1
22;0;31.11;6.2;0;0
23;0;18.77;11.67;2;0
24;0;13.79;20.84;0;0
25;0;21.13;23.55;3;0
26;0;36.21;16.24;0;0
27;0;22.83;13.22;3;0
28;0;32.3;21.95;0;0
29;0;20.28;18.28;1;0
30;0;14.42;11.62;2;0
31;0;38.44;17.13;1;0
32;0;36.04;2.65;3;0
33;0;42.43;21.45;1;1
34;0;30.06;16.58;0;0
35;0;37.4;18.47;3;0
36;0;24.87;13.81;0;0
37;0;22.24;19.01;1;0
38;1;34.66;15.95;3;0
39;0;23.87;23.1;1;0
40;0;21.47;14.18;3;0
41;1;29.43;17.33;0;1
42;0;21.22;23.99;2;0
43;0;14.59;14.05;3;0
44;0;26.18;19.19;1;0
45;0;20.55;18.11;2;0
46;0;35.92;13.82;3;0
47;0;31.79;11.44;2;0
48;0;27.05;19.66;5;1
49;0;22.64;18.46;1;0
50;0;32.62;22.93;3;0
51;0;37.5;17.94;1;0
52;0;31.64;16.17;2;0
53;0;27.23;22.74;2;0
54;0;25.67;18.67;5;1
55;0;29.84;21.19;1;0
56;0;21.57;15.3;1;0
57;0;33.73;6.4;3;1
58;0;25.3;20.95;3;0
59;0;38.98;15.08;1;0
60;0;32.66;14.44;1;0
61;0;45.66;15.15;2;0
62;0;32.93;20.92;2;0
63;0;30.72;15.96;3;0
64;0;22.3;13.85;2;0
65;0;25.18;14.41;2;0
66;1;42.76;18.09;0;0
67;1;21.28;17.54;0;0
68;0;35.97;18.44;1;0
69;0;30.41;14.37;4;1
70;0;41.11;14.49;3;0
71;0;38.23;16.0;0;0
72;0;42.26;12.66;3;0
73;0;34.58;19.27;1;0
74;0;40.09;13.36;0;0
75;0;26.71;18.98;1;0
76;0;51.05;15.39;0;1
77;0;10.47;6.55;4;1
78;0;36.4;13.97;2;0
79;0;28.93;13.19;1;0
80;0;34.19;25.8;1;0
81;1;36.62;17.41;3;0
82;0;28.15;11.57;3;0
83;0;42.42;22.07;1;0
84;0;35.8;21.18;2;1
85;0;30.48;19.2;0;0
86;0;26.84;13.18;4;1
87;0;36.43;17.72;1;0
88;0;26.2;10.49;2;0
89;0;40.44;21.05;1;1
90;0;24.46;16.57;1;0
91;0;34.58;16.23;0;1
92;0;21.13;14.71;1;0
93;0;42.99;15.16;3;0
94;0;30.45;16.2;3;0
95;0;47.33;6.89;1;0
96;0;27.22;18.13;0;0
97;0;33.69;17.62;4;0
98;0;36.06;17.8;1;1
99;0;42.81;17.48;2;1
100;0;27.4;21.44;4;0
101;0;30.31;16.07;0;0
102;0;25.79;10.12;0;0
103;0;22.95;15.61;1;0
104;0;28.99;14.76;1;0
105;0;40.48;15.91;4;0
106;0;47.84;17.19;2;0
107;0;20.04;13.98;1;0
108;0;25.26;11.14;1;0
109;0;39.07;12.57;3;0
110;0;28.05;26.96;1;0
111;0;31.45;18.98;2;0
112;0;27.37;16.23;4;0
113;0;21.54;17.51;1;0
114;0;10.01;14.42;1;0
115;1;33.46;21.67;0;1
116;0;27.64;12.95;1;0
117;0;48.03;18.69;1;1
118;0;19.33;13.39;2;0
119;0;40.77;18.26;2;0
120;0;35.73;19.32;1;0
121;0;36.35;12.05;0;0
122;0;32.42;15.6;3;0
123;0;29.05;11.25;1;0
124;0;26.21;9.37;2;0
125;0;34.24;19.5;1;0
126;0;12.02;13.39;4;1
127;0;31.88;12.46;4;1
128;0;15.59;16.46;2;0
129;0;36.41;13.74;3;0
130;0;24.74;18.5;3;0
131;0;28.27;13.45;1;0
132;0;39.27;19.58;1;0
133;0;34.05;17.1;4;0
134;0;33.49;17.22;1;0
135;1;22.08;14.73;3;0
136;0;29.89;18.49;5;0
137;0;34.53;17.86;3;0
138;0;31.14;10.78;1;0
139;0;34.85;12.92;2;0
140;0;25.25;23.49;1;0
141;0;34.05;18.73;0;0
142;0;32.74;16.62;3;0
143;0;41.91;16.62;1;0
144;1;28.41;15.09;2;1
145;0;39.42;13.61;3;0
146;0;24.94;17.3;1;0
147;1;46.16;18.39;1;0
148;0;30.86;18.56;1;0
149;0;43.81;13.78;2;0
150;0;32.95;18.82;1;0
151;0;17.48;17.57;1;0
152;0;31.94;13.4;1;0
153;0;38.42;21.12;1;0
154;0;44.27;12.41;5;0
155;0;30.38;24.83;0;0
156;0;57.36;19.33;0;1
157;0;26.79;21.0;0;0
158;0;31.21;21.82;1;0
159;0;24.16;15.59;1;0
160;0;23.17;14.64;0;0
161;0;36.91;20.53;0;0
162;0;31.88;20.52;3;0
163;0;16.81;11.51;1;0
164;0;35.07;12.63;1;0
165;0;41.33;18.17;2;0
166;0;32.27;13.88;1;0
167;0;34.34;20.67;1;0
168;0;28.92;16.43;1;0
169;0;39.25;15.93;0;0
170;0;40.31;19.0;1;0
171;0;30.96;14.42;2;0
172;0;20.28;17.98;3;0
173;0;19.86;15.21;1;0
174;0;37.26;12.7;0;0
175;0;42.94;14.37;2;0
176;0;25.01;16.18;0;0
177;0;34.36;19.5;2;0
178;0;29.5;16.5;3;0
179;0;39.46;24.85;3;0
180;1;33.51;18.23;4;0
181;0;9.89;11.79;5;1
182;0;19.65;20.2;2;0
183;0;31.64;21.62;2;0
184;1;44.18;20.83;3;0
185;0;36.43;22.82;1;0
186;0;26.98;5.47;1;0
187;0;46.17;19.5;2;0
188;0;27.3;13.87;1;0
189;0;39.51;15.93;1;0
190;0;22.75;15.34;0;0
191;0;30.07;7.71;1;0
192;0;35.68;16.58;2;0
193;0;23.38;17.27;0;0
194;0;49.22;14.16;1;0
195;0;33.68;15.05;1;0
196;0;25.45;15.49;0;0
197;0;55.51;14.99;2;1
198;1;49.79;16.97;4;1
199;0;14.11;15.05;0;0
200;0;24.77;18.74;3;0
201;0;30.99;27.9;2;0
202;0;37.06;15.64;3;0
203;0;23.9;15.18;2;0
204;0;25.96;21.89;1;0
205;0;18.14;17.83;1;0
206;0;41.45;7.13;2;0
207;0;33.05;15.87;3;0
208;0;36.36;12.91;3;0
209;0;36.92;20.97;3;0
210;0;40.99;13.23;1;0
211;1;34.6;21.05;0;0
212;0;26.38;20.78;1;0
213;0;28.49;9.61;1;0
214;1;38.54;19.39;2;1
215;0;30.48;15.18;3;0
216;0;25.74;15.84;0;0
217;0;30.6;19.06;3;0
218;0;42.53;22.7;1;1
219;0;37.91;9.36;0;0
220;0;31.21;12.97;3;0
221;0;28.22;14.83;1;0
222;0;23.14;23.2;1;0
223;0;25.38;20.59;2;0
224;0;11.12;14.3;2;0
225;0;36.28;19.93;1;0
226;0;35.17;20.8;3;0
227;0;31.65;16.12;2;0
228;0;47.63;18.74;4;0
229;0;33.42;26.62;0;0
230;1;53.04;11.0;0;1
231;1;33.83;24.76;1;0
232;0;34.53;18.45;3;0
233;0;28.7;18.73;0;0
234;1;29.43;20.43;1;0
235;0;22.85;17.96;5;1
236;0;34.44;10.1;2;0
237;0;12.67;17.07;3;0
238;0;14.21;10.28;0;0
239;0;32.67;14.33;1;0
240;0;37.43;7.51;0;0
241;1;22.97;11.4;2;1
242;0;43.08;15.5;1;0
243;0;38.25;15.04;3;0
244;0;33.75;22.76;0;1
245;0;18.75;14.15;0;0
246;0;10.2;8.69;0;0
247;0;36.52;12.72;0;0
248;0;30.91;17.2;4;0
249;0;26.18;23.63;2;0
250;0;26.76;10.02;4;1
251;0;35.34;14.62;4;0
252;0;35.19;19.8;3;0
253;0;20.23;19.55;0;0
254;1;24.43;23.21;0;0
255;0;28.2;18.4;4;0
256;0;23.56;14.65;1;0
257;0;14.4;21.24;1;0
258;1;10.64;15.35;1;1
259;0;26.38;20.0;1;0
260;0;28.03;17.79;1;0
261;0;22.87;12.16;1;0
262;0;24.36;17.96;1;0
263;0;28.61;18.8;1;0
264;0;44.61;16.54;2;0
265;0;35.05;22.1;1;0
266;0;38.39;16.41;4;0
267;0;23.51;14.49;3;0
268;0;16.05;11.58;0;0
269;1;27.2;14.91;2;0
270;0;35.12;19.12;0;0
271;0;22.9;15.3;1;0
272;0;36.45;19.99;3;0
273;0;32.78;19.92;3;0
274;0;25.69;16.56;1;0
275;0;37.64;19.7;3;0
276;1;37.21;17.68;0;0
277;0;32.27;10.49;2;1
278;0;32.76;19.2;2;0
279;1;34.75;18.62;3;0
280;0;29.29;14.79;2;0
281;0;33.73;17.93;2;0
282;0;35.99;13.59;1;0
283;0;37.67;24.51;1;0
284;0;33.64;15.43;3;0
285;0;25.08;14.93;2;0
286;0;35.09;10.88;2;0
287;0;35.0;17.79;2;0
288;0;35.29;11.25;0;0
289;0;51.66;22.18;1;1
290;0;39.2;18.65;0;0
291;0;16.92;10.97;0;0
292;0;30.11;16.49;1;0
293;0;29.36;10.21;5;1
294;0;29.36;11.34;1;0
295;0;34.71;15.29;1;0
296;0;14.57;21.05;2;0
297;0;26.79;15.67;0;0
298;0;36.64;18.59;4;0
299;0;30.86;16.99;1;0
300;0;29.19;9.38;2;0
301;0;45.32;22.51;1;1
302;0;28.97;29.79;0;1
303;0;26.86;24.86;1;0
304;0;15.64;21.56;1;0
305;0;39.78;21.21;2;0
306;0;46.26;22.82;1;1
307;0;50.39;18.26;4;1
308;0;33.05;16.18;0;0
309;0;38.62;21.96;3;0
310;0;42.28;18.7;1;1
311;0;40.17;16.65;1;0
312;0;34.95;14.41;0;0
313;0;16.0;23.83;0;0
314;0;21.28;17.46;0;0
315;0;10.27;26.03;1;0
316;0;20.57;22.98;2;0
317;0;20.03;21.83;3;0
318;0;39.51;18.01;3;0
319;1;38.0;16.05;2;1
320;0;29.97;22.03;0;0
321;0;21.28;15.11;1;0
322;0;23.58;21.84;0;0
323;0;14.67;20.96;1;0
324;0;35.19;13.17;3;0
325;0;10.0;18.66;0;0
326;0;11.68;17.78;1;0
327;0;40.66;20.02;1;0
328;0;33.71;18.45;0;0
329;0;34.88;20.45;0;0
330;0;32.66;26.6;3;0
331;0;46.34;21.14;1;1
332;0;21.81;16.75;7;1
333;0;28.83;22.45;0;0
334;0;34.22;12.99;1;0
335;0;36.5;11.77;1;0
336;0;28.76;23.08;0;0
337;0;33.0;15.01;2;0
338;0;39.75;22.65;2;0
339;0;38.27;16.93;0;0
340;0;36.21;15.01;1;1
341;0;31.26;21.75;1;0
342;0;37.71;13.74;0;0
343;0;10.98;14.97;2;0
344;0;26.28;7.09;1;0
345;0;44.23;15.23;3;0
346;0;27.47;10.46;1;0
347;0;37.5;13.19;1;0
348;0;26.5;13.8;3;0
349;0;18.19;8.98;4;1
350;0;31.03;17.4;4;0
351;1;37.42;19.92;4;0
352;0;25.87;15.06;1;0
353;0;30.86;17.43;2;0
354;1;40.15;18.58;2;1
355;0;28.24;6.74;1;0
356;1;41.58;16.05;1;0
357;0;22.81;19.32;2;0
358;1;25.45;17.94;1;0
359;0;25.52;22.5;1;0
360;1;43.71;26.54;1;1
361;0;21.15;15.27;0;0
362;0;24.09;19.75;1;0
363;0;39.1;8.77;2;0
364;0;27.59;18.16;0;0
365;0;59.64;18.4;1;1
366;0;32.86;22.45;4;0
367;0;13.29;21.54;1;0
368;0;14.18;19.74;1;0
369;0;33.25;22.76;0;0
370;0;34.31;19.13;1;0
371;0;33.49;18.94;2;0
372;1;37.06;9.72;0;1
373;0;28.02;19.54;2;0
374;0;30.46;17.91;2;0
375;0;36.38;15.3;0;0
376;0;28.99;10.05;2;0
377;0;34.97;18.23;1;0
378;1;28.14;24.33;1;1
379;0;37.57;13.66;2;0
380;0;41.16;16.24;3;0
381;0;25.77;13.21;1;0
382;1;29.95;12.33;0;0
383;1;33.32;27.43;1;0
384;0;27.12;21.0;2;0
385;0;39.13;18.73;4;0
386;0;24.94;23.29;3;0
387;0;35.79;17.38;1;0
388;0;17.34;22.97;1;0
389;0;21.42;20.27;3;0
390;0;28.63;20.72;1;0
391;0;17.95;21.95;0;0
392;0;35.11;14.98;5;0
393;0;36.91;17.44;2;0
394;0;39.03;17.48;0;1
395;0;47.31;7.94;0;0
396;0;23.56;16.92;0;0
397;0;39.85;23.74;1;1
398;0;30.86;11.11;1;0
399;0;28.44;19.55;1;1
400;0;20.57;18.61;1;0
401;0;37.59;9.42;0;0
402;0;24.79;16.34;1;0
403;0;37.88;13.87;1;0
404;0;31.18;20.57;4;0
405;1;44.93;13.68;0;0
406;0;24.82;9.32;0;0
407;0;26.71;15.72;4;1
408;1;21.64;21.36;1;0
409;0;31.94;16.75;2;0
410;0;30.4;12.0;2;0
411;0;16.52;15.83;2;0
412;0;44.17;20.6;0;0
413;0;43.61;16.96;3;0
414;0;28.82;10.54;0;0
415;0;40.75;24.05;2;1
416;1;29.16;13.6;1;1
417;0;40.78;14.86;0;0
418;0;24.19;16.56;1;0
419;0;31.3;27.8;2;0
420;0;35.17;22.47;2;0
421;0;44.18;14.98;1;0
422;0;34.65;24.06;0;0
423;0;42.3;11.93;3;0
424;0;37.67;11.07;1;0
425;1;32.79;15.77;1;0
426;0;20.81;9.64;1;0
427;0;17.83;18.39;1;0
428;0;29.44;16.73;3;0
429;0;20.3;23.23;2;0
430;0;42.55;22.15;2;1
431;0;30.31;24.02;1;0
432;0;41.38;15.48;1;0
433;0;26.35;14.9;2;0
434;0;49.08;17.32;0;0
435;0;40.87;10.11;1;0
436;0;32.35;25.61;1;0
437;0;47.26;15.02;0;1
438;0;26.35;28.1;1;0
439;0;26.1;16.8;2;0
440;0;46.48;13.09;1;0
441;0;26.4;22.58;0;0
442;0;22.63;18.8;1;0
443;0;41.96;15.96;1;0
444;1;28.12;16.66;2;0
445;0;10.12;21.86;0;0
446;0;23.51;20.06;3;0
447;0;48.74;11.42;2;0
448;0;19.94;17.09;1;0
449;0;44.93;17.24;4;0
450;0;21.74;23.05;0;0
451;0;38.34;20.94;0;0
452;0;25.33;20.85;0;0
453;0;33.81;23.29;1;0
454;0;43.59;23.28;1;1
455;0;45.02;20.86;1;1
456;0;16.69;15.34;2;0
457;0;27.17;22.44;2;0
458;0;32.4;18.71;3;0
459;0;31.28;10.23;0;0
460;0;44.51;18.75;1;0
461;0;25.14;19.41;3;0
462;0;18.09;9.19;1;0
463;0;22.73;16.6;0;0
464;0;32.9;18.72;0;0
465;1;30.29;14.26;3;1
466;0;38.45;15.44;3;1
467;0;28.97;17.02;1;0
468;0;12.05;14.17;3;0
469;0;33.05;21.67;2;0
470;0;40.85;13.99;1;0
471;0;12.75;21.14;3;0
472;0;11.75;11.59;1;0
473;0;16.42;26.81;4;1
474;0;36.48;19.98;0;0
475;0;25.25;12.45;3;0
476;0;43.88;13.72;1;0
477;0;25.45;13.81;3;0
478;0;25.47;13.97;1;0
479;0;32.37;13.44;2;0
480;0;30.84;21.57;1;0
481;0;25.69;15.93;1;0
482;0;26.47;14.76;0;0
483;0;25.48;21.77;2;0
484;0;37.79;19.68;3;0
485;0;25.4;11.2;0;0
486;1;39.75;18.84;0;0
487;0;34.71;24.87;0;0
488;0;41.29;17.83;1;0
489;0;25.57;19.59;1;0
490;0;35.51;21.45;0;0
491;1;32.62;21.77;1;1
492;1;22.22;22.15;2;1
493;0;20.33;23.69;2;0
494;0;46.51;9.74;1;0
495;1;26.54;15.33;2;0
496;0;30.38;15.18;2;0
497;0;30.18;24.43;2;0
498;1;35.92;8.98;4;1
499;0;29.78;20.77;1;0
500;0;19.43;16.18;3;0
501;0;42.74;19.13;1;0
502;1;36.87;17.63;1;1
503;1;36.92;12.37;0;0
504;0;35.07;13.17;0;0
505;0;27.08;10.7;1;0
506;0;24.33;20.11;2;0
507;0;26.18;28.03;3;1
508;0;31.72;18.87;1;0
509;0;29.04;16.96;5;1
510;0;21.08;17.25;1;0
511;0;33.71;23.74;3;0
512;0;29.38;17.41;2;0
513;0;36.96;18.17;0;0
514;1;45.2;18.34;0;1
515;0;15.91;16.47;1;0
516;0;16.69;26.11;2;0
517;0;36.5;13.48;2;0
518;0;28.59;19.1;1;0
519;0;34.49;13.07;3;0
520;0;44.44;13.13;1;0
521;0;12.46;13.72;4;1
522;0;43.13;19.48;7;0
523;0;7.65;12.86;2;0
524;0;39.32;14.59;1;0
525;0;8.06;14.26;2;0
526;0;38.66;15.51;0;0
527;0;6.95;11.34;0;0
528;0;21.22;13.37;2;0
529;1;11.65;28.65;0;0
530;0;27.8;17.26;2;0
531;0;27.71;18.62;2;0
532;0;36.33;21.51;2;0
533;0;34.22;3.59;1;0
534;0;52.77;5.65;4;0
535;0;8.23;23.89;1;0
536;0;29.1;12.38;1;0
537;0;28.31;15.56;0;0
538;0;36.82;16.22;0;0
539;0;18.33;18.41;2;0
540;0;24.02;14.28;1;0
541;0;35.68;13.43;0;0
542;1;40.38;21.54;9;1
543;0;39.87;18.4;3;0
544;0;17.53;20.66;3;0
545;0;22.02;21.16;1;0
546;1;47.57;21.14;2;1
547;1;23.26;17.07;5;1
548;0;17.02;20.94;0;0
549;0;40.31;17.48;4;0
550;0;29.38;15.56;4;1
551;0;38.17;17.06;2;0
552;0;48.98;21.93;3;1
553;1;13.29;16.65;2;0
554;0;25.28;22.02;2;0
555;0;33.08;10.19;2;0
556;0;27.12;25.82;0;0
557;0;33.07;18.16;1;0
558;0;29.6;21.34;2;1
559;0;22.41;11.62;2;0
560;0;27.3;20.15;1;0
561;0;24.96;26.35;0;0
562;0;34.12;22.46;1;0
563;0;24.75;8.36;1;0
564;0;39.0;21.88;2;0
565;0;35.87;16.07;3;0
566;0;20.66;23.07;2;0
567;1;36.72;16.0;2;0
568;0;49.81;13.65;2;0
569;1;37.59;22.52;2;1
570;0;30.86;16.74;1;0
571;0;12.63;15.07;2;0
572;1;10.59;23.38;1;0
573;0;38.86;21.12;3;0
574;0;38.78;23.5;2;1
575;0;52.68;17.03;1;0
576;0;34.32;19.28;3;0
577;0;25.47;15.3;2;0
578;0;31.25;19.52;1;0
579;0;31.74;28.48;1;0
580;0;35.6;29.52;1;1
581;0;37.94;15.57;3;0
582;0;27.91;13.21;1;0
583;0;25.59;16.41;1;0
584;0;39.81;24.91;0;1
585;0;9.4;14.0;1;0
586;1;37.71;17.32;1;0
587;0;28.83;5.01;1;0
588;0;15.25;22.11;5;1
589;0;13.63;18.62;1;0
590;0;37.21;25.49;2;0
591;0;21.37;17.65;1;0
592;0;29.97;7.94;2;0
593;0;35.22;21.6;2;0
594;0;34.97;13.76;2;0
595;0;25.74;12.95;1;0
596;0;26.78;11.11;3;0
597;0;27.27;8.72;2;0
598;0;27.03;14.27;1;0
599;0;36.4;17.08;0;0
600;0;17.44;20.91;2;0
601;1;27.15;16.79;0;1
602;0;34.48;14.09;1;0
603;0;9.78;22.57;3;0
604;0;28.88;19.14;1;0
605;0;57.04;18.06;2;1
606;0;23.72;24.59;0;0
607;0;24.19;10.09;1;0
608;0;31.93;21.13;0;0
609;0;24.85;22.23;3;0
610;0;39.41;12.8;3;0
611;0;32.93;13.11;1;0
612;0;26.59;19.84;4;0
613;1;37.52;18.5;1;1
614;0;40.77;18.86;2;0
615;0;29.24;17.02;1;0
616;1;21.79;23.33;2;0
617;0;22.13;24.73;3;0
618;0;33.22;13.14;1;0
619;1;49.86;16.02;0;1
620;0;32.52;16.48;1;0
621;0;20.81;12.22;1;0
622;0;35.63;12.49;2;0
623;0;36.67;12.44;3;0
624;0;27.44;18.75;0;0
625;0;24.51;19.27;3;0
626;1;37.43;15.75;0;1
627;0;43.55;13.66;4;0
628;0;19.16;18.5;1;0
629;0;50.92;19.27;0;1
630;0;33.12;14.53;0;0
631;0;17.14;19.55;0;0
632;0;14.03;24.64;3;0
633;0;24.89;7.62;2;0
634;0;30.24;19.09;2;0
635;0;26.1;16.49;5;0
636;0;25.62;16.77;1;0
637;0;30.62;10.84;0;0
638;0;45.1;12.55;1;0
639;0;21.86;11.39;0;0
640;0;27.46;14.75;2;0
641;0;28.1;16.87;1;0
642;0;33.15;17.89;0;0
643;0;36.35;22.53;0;0
644;0;34.94;18.64;1;0
645;0;42.99;15.12;3;0
646;0;40.05;19.37;0;0
647;0;32.64;10.85;1;0
648;0;11.75;8.61;0;0
649;0;44.49;17.9;3;1
650;0;40.04;21.86;2;0
651;0;36.28;17.42;1;0
652;0;35.17;10.86;3;0
653;0;44.85;8.79;3;0
654;0;31.18;16.62;1;0
655;0;26.79;16.5;5;1
656;0;29.85;13.75;0;0
657;0;41.23;8.74;2;0
658;0;25.67;11.17;0;0
659;0;23.48;13.98;1;0
660;0;45.0;25.93;1;1
661;0;47.99;12.92;1;0
662;0;35.9;20.2;0;0
663;0;33.51;11.06;3;0
664;0;34.9;14.17;1;0
665;0;30.91;19.39;2;0
666;0;42.84;12.77;2;0
667;0;32.95;10.11;0;0
668;0;39.3;16.04;1;0
669;0;34.02;16.06;0;0
670;0;45.34;19.75;1;0
671;0;20.08;18.83;2;0
672;0;29.8;12.27;0;0
673;0;21.27;21.15;3;0
674;0;30.06;19.1;1;0
675;0;41.12;11.0;1;0
676;0;41.0;9.9;0;0
677;0;36.91;20.06;1;0
678;0;33.22;15.4;0;0
679;1;37.81;27.8;1;1
680;0;32.22;16.13;1;0
681;0;20.93;13.46;0;0
682;0;43.64;12.79;3;0
683;0;27.05;20.54;1;0
684;0;17.02;19.83;3;0
685;0;5.25;15.9;1;0
686;0;37.94;18.22;3;0
687;0;31.86;16.99;1;0
688;0;53.65;17.76;3;0
689;0;47.18;11.2;1;0
690;0;32.27;16.77;2;0
691;0;25.02;16.39;1;0
692;0;31.59;23.5;4;0
693;0;26.42;16.02;3;0
694;0;26.21;22.83;6;0
695;0;16.59;8.97;1;0
696;0;30.4;15.16;1;0
697;0;25.38;23.26;0;0
698;0;35.02;15.81;0;0
699;0;36.86;16.22;0;0
700;0;17.56;10.97;0;0
701;0;23.7;13.52;0;0
702;0;32.5;13.93;1;0
703;0;27.2;16.1;1;0
704;0;37.69;16.41;3;0
705;0;10.69;19.64;1;0
706;0;36.65;16.6;1;0
707;0;28.1;19.0;3;0
708;1;16.1;13.12;2;0
709;0;34.54;12.96;2;0
710;0;33.2;18.42;3;0
711;0;24.43;25.31;4;0
712;0;19.45;6.66;2;0
713;0;37.88;17.26;2;0
714;0;29.9;17.99;2;0
715;1;42.48;20.61;1;1
716;1;39.87;16.59;2;0
717;0;35.82;18.63;1;0
718;0;30.99;14.44;1;0
719;0;32.35;16.53;2;0
720;0;30.11;13.91;0;0
721;0;14.82;14.39;6;1
722;0;36.65;16.44;1;0
723;0;23.36;20.2;3;0
724;0;32.78;15.05;1;0
725;0;25.38;17.02;2;0
726;0;24.43;14.51;1;0
727;0;38.22;16.15;1;0
728;0;44.4;18.21;2;0
729;0;33.41;14.94;0;0
730;0;46.1;17.22;3;1
731;0;35.22;24.86;2;0
732;0;51.07;11.32;2;0
733;0;39.03;11.25;2;0
734;1;31.88;14.43;1;0
735;1;9.71;16.97;3;0
736;0;27.56;13.18;5;1
737;1;24.65;14.94;2;1
738;0;27.12;20.47;1;0
739;0;32.42;17.73;1;0
740;0;39.2;16.07;1;0
741;0;5.78;23.68;0;0
742;0;32.88;20.45;5;0
743;0;34.34;13.9;1;0
744;0;32.59;20.52;1;0
745;0;27.42;21.28;1;0
746;0;25.6;10.12;1;0
747;0;31.38;16.66;1;0
748;0;37.52;22.97;1;0
749;1;28.44;16.87;1;0
750;0;26.18;15.77;3;0
751;0;20.59;15.84;0;0
752;0;30.96;13.99;3;0
753;0;18.63;11.7;2;0
754;0;35.68;10.36;1;0
755;0;28.48;20.58;2;0
756;0;36.36;20.38;2;0
757;0;19.69;20.68;1;0
758;0;47.02;18.71;2;0
759;0;30.5;15.39;2;0
760;0;31.84;23.02;1;0
761;0;34.2;19.31;2;0
762;1;32.23;22.73;1;0
763;0;31.76;22.19;0;0
764;0;26.1;18.62;0;0
765;0;31.89;17.7;2;0
766;1;39.25;20.67;0;1
767;0;41.63;10.03;2;0
768;0;39.25;18.96;3;0
769;0;31.81;21.27;1;0
770;0;29.02;16.24;1;0
771;1;21.57;14.19;5;1
772;0;32.22;17.6;0;0
773;1;30.07;14.27;1;1
774;0;27.39;16.9;1;0
775;0;28.8;16.76;1;0
776;0;43.25;13.74;0;0
777;1;21.71;18.28;2;0
778;0;28.99;18.46;6;0
779;1;37.25;20.65;2;0
780;1;46.5;15.62;2;0
781;1;27.52;17.08;1;0
782;0;41.09;12.07;1;0
783;1;10.68;14.48;3;0
784;0;47.79;12.21;1;0
785;0;38.79;22.41;3;0
786;0;35.67;16.53;0;0
787;0;45.15;17.75;2;1
788;0;36.53;10.01;2;0
789;0;18.79;18.97;3;0
790;1;47.79;16.83;0;0
791;0;23.43;24.34;2;0
792;1;46.16;21.54;1;1
793;0;19.18;18.6;2;0
794;0;31.84;20.37;1;0
795;0;33.49;22.89;1;0
796;0;30.67;11.0;1;0
797;1;25.25;18.65;1;1
798;0;33.51;22.05;2;0
799;0;26.13;11.71;1;0
800;0;44.42;18.78;1;0
801;0;41.85;17.2;1;0
802;0;32.47;27.1;0;0
803;0;35.41;21.56;1;0
804;0;43.01;18.64;0;0
805;0;34.39;17.13;0;0
806;0;29.65;13.29;0;0
807;0;21.61;14.63;1;0
808;1;24.4;20.62;0;0
809;0;31.77;20.4;1;0
810;0;32.98;20.57;1;0
811;0;39.92;9.08;0;0
812;0;21.03;8.76;1;0
813;0;29.56;23.49;0;0
814;0;22.25;17.29;1;0
815;0;53.48;14.43;2;1
816;0;38.74;17.64;1;0
817;0;16.24;13.91;2;0
818;0;31.5;17.68;1;0
819;0;24.87;17.23;1;0
820;0;31.28;6.49;2;0
821;0;17.99;3.73;0;0
822;0;30.26;13.07;1;0
823;0;25.4;10.53;1;0
824;0;35.6;11.26;2;0
825;0;29.26;17.99;1;0
826;1;28.78;18.52;1;0
827;0;20.25;24.45;0;0
828;0;33.01;14.74;2;0
829;0;33.8;19.56;2;0
830;1;28.51;7.96;3;1
831;0;34.37;18.43;2;0
832;0;54.83;17.39;2;1
833;0;36.75;18.33;0;0
834;0;12.99;9.83;3;0
835;0;12.36;17.73;1;0
836;0;35.77;19.17;0;0
837;1;21.62;13.85;0;0
838;0;34.31;25.92;1;0
839;0;37.32;18.88;1;0
840;0;16.88;22.99;3;0
841;0;40.66;12.75;5;0
842;1;20.55;19.98;2;0
843;0;38.2;11.0;1;0
844;0;30.02;13.83;1;0
845;0;48.26;16.32;1;0
846;0;30.7;16.23;1;1
847;0;21.4;16.69;1;0
848;0;40.39;16.35;0;0
849;0;33.73;22.5;2;0
850;0;46.63;4.5;0;0
851;1;33.93;17.97;3;1
852;0;37.01;23.25;3;0
853;0;22.9;20.05;3;0
854;0;36.16;21.89;2;0
855;0;43.57;15.32;2;0
856;0;31.21;10.26;1;0
857;0;29.95;16.66;1;0
858;0;34.85;14.06;1;0
859;0;45.54;18.96;3;1
860;0;30.46;14.89;2;0
861;0;25.4;16.7;1;0
862;0;27.81;12.47;3;0
863;0;35.29;12.98;1;0
864;0;28.12;15.61;3;0
865;0;35.67;14.56;4;0
866;0;37.42;22.8;0;0
867;0;24.02;13.12;1;0
868;0;33.41;20.51;0;0
869;1;30.75;17.81;2;0
870;0;17.85;21.39;0;0
871;0;46.14;16.18;4;1
872;0;35.14;14.84;1;0
873;0;28.36;20.06;1;0
874;0;34.83;11.49;5;0
875;0;26.28;20.88;1;0
876;0;21.59;27.47;1;0
877;1;45.46;17.36;1;0
878;0;47.77;13.65;1;0
879;0;46.04;18.73;4;0
880;0;29.1;15.78;1;0
881;0;21.1;17.22;3;0
882;0;27.68;24.68;1;0
883;0;24.87;21.75;1;0
884;0;43.32;12.19;2;0
885;0;43.33;20.67;2;0
886;0;18.31;16.06;0;0
887;0;27.0;22.51;1;0
888;0;31.09;20.37;2;0
889;0;33.75;3.61;0;0
890;0;30.33;19.86;0;0
891;0;18.85;13.47;1;0
892;0;28.37;18.8;1;1
893;1;41.62;5.17;2;0
894;0;20.54;14.43;4;1
895;0;28.1;17.85;2;0
896;0;21.54;13.22;2;0
897;0;36.7;17.05;0;0
898;0;23.82;17.82;1;0
899;0;35.68;21.23;1;0
900;1;23.77;11.75;0;0
901;0;54.67;21.39;2;1
902;0;28.32;18.6;7;0
903;0;36.41;16.73;0;0
904;0;44.2;17.89;1;1
905;0;32.62;6.03;4;1
906;0;36.21;16.05;0;0
907;0;20.08;9.32;1;0
908;0;32.33;14.14;6;0
909;0;13.97;13.88;0;0
910;0;27.85;15.11;0;0
911;0;45.53;26.89;5;1
912;0;27.17;10.23;2;0
913;0;36.43;24.63;1;0
914;0;48.84;24.48;0;1
915;0;17.2;12.04;2;0
916;0;17.48;23.94;2;0
917;0;18.55;9.83;0;0
918;0;36.7;18.45;1;0
919;0;34.58;10.94;1;0
920;0;18.72;14.37;1;0
921;0;18.87;18.68;1;0
922;0;40.78;12.1;1;0
923;0;24.62;9.56;1;0
924;0;23.02;17.5;1;0
925;0;14.31;6.87;1;0
926;0;35.55;9.02;0;0
927;0;22.12;16.66;0;0
928;0;29.89;13.18;2;0
929;0;41.12;12.34;1;0
930;0;23.24;19.43;0;0
931;0;11.51;16.63;1;0
932;0;34.07;26.28;1;0
933;1;21.39;17.65;1;1
934;0;21.79;11.32;1;0
935;0;38.47;18.96;4;0
936;0;27.59;19.88;0;0
937;0;38.15;12.57;2;0
938;0;20.49;16.12;1;0
939;0;15.49;15.24;2;0
940;0;28.7;20.52;0;0
941;0;26.1;24.42;2;0
942;0;38.45;11.93;0;0
943;0;32.62;17.59;1;0
944;0;28.54;16.21;4;1
945;0;30.6;12.33;2;0
946;0;43.76;22.19;2;1
947;0;29.65;14.44;1;0
948;0;27.15;13.21;1;0
949;0;40.32;18.92;1;0
950;0;17.51;20.6;1;0
951;0;26.15;19.89;4;0
952;0;34.87;13.64;3;0
953;0;29.87;15.91;2;0
954;0;26.5;19.06;2;0
955;0;26.25;18.82;0;0
956;0;35.65;15.61;2;0
957;1;25.5;24.3;0;0
958;0;39.51;15.81;3;0
959;0;28.12;9.83;2;0
960;0;33.86;15.92;3;0
961;0;36.99;27.24;0;0
962;0;36.06;12.76;3;0
963;0;26.18;14.09;1;0
964;0;32.95;17.22;1;0
965;0;29.82;21.09;0;0
966;0;25.84;22.0;2;1
967;0;39.13;15.87;0;0
968;0;29.73;21.1;1;1
969;0;32.33;22.29;0;0
970;0;29.99;19.12;1;0
971;0;27.35;21.35;3;0
972;0;38.88;13.86;1;0
973;0;24.48;15.44;0;0
974;0;23.1;23.04;6;0
975;0;56.83;16.33;0;1
976;0;22.19;11.15;0;0
977;0;22.81;13.81;4;1
978;0;47.26;22.64;4;1
979;0;17.92;18.26;0;0
980;0;32.11;17.33;3;0
981;0;19.01;20.37;1;0
982;0;27.05;12.73;1;0
983;0;36.11;19.09;1;0
984;0;24.19;26.04;1;0
985;1;58.96;21.21;1;1
986;0;19.36;12.35;1;0
987;1;45.54;22.38;1;1
988;0;29.14;9.79;3;0
989;0;46.82;15.94;1;0
990;0;33.52;21.24;0;0
991;0;32.74;11.49;2;0
992;0;15.59;12.8;1;0
993;0;21.47;12.04;0;0
994;0;42.76;19.9;3;0
995;0;32.4;12.95;1;0
996;0;19.74;17.15;0;0
997;0;36.94;18.37;2;0
998;0;30.5;19.76;0;0
999;0;35.31;14.01;0;0
1000;0;47.14;19.41;2;1
1001;0;21.3;14.25;1;0
1002;0;23.48;14.22;2;0
1003;0;28.78;19.2;0;0
1004;0;34.22;12.22;1;0
1005;1;36.84;9.9;2;0
1006;0;32.37;26.99;2;0
1007;0;24.36;16.62;1;0
1008;0;16.56;17.31;2;0
1009;0;30.84;14.25;3;0
1010;0;41.89;21.78;0;0
1011;0;24.38;24.6;2;0
1012;0;17.83;16.87;2;0
1013;0;26.55;16.41;1;0
1014;0;19.52;6.96;0;0
1015;0;39.53;17.47;0;0
1016;0;24.41;12.95;1;0
1017;0;30.04;20.75;2;0
1018;0;44.78;19.58;1;1
1019;0;24.89;12.62;1;0
1020;0;24.65;16.53;2;0
1021;0;28.53;14.25;1;0
1022;0;28.37;13.17;0;0
1023;0;24.23;16.63;2;0
1024;1;22.61;22.34;1;0
1025;0;42.99;24.17;1;0
1026;0;16.15;24.75;2;0
1027;1;33.01;21.2;1;1
1028;0;37.88;18.35;1;0
1029;0;34.31;19.68;0;0
1030;0;36.72;19.75;2;1
1031;0;24.87;14.6;1;0
1032;0;39.92;11.98;1;0
1033;0;33.76;18.18;2;0
1034;0;16.05;18.28;2;0
1035;0;32.37;18.33;2;0
1036;0;24.24;17.7;3;0
1037;1;22.81;14.03;0;0
1038;0;19.02;9.69;5;1
1039;0;20.88;17.96;2;0
1040;0;32.18;18.78;4;0
1041;0;40.87;17.15;0;0
1042;1;15.9;15.59;0;0
1043;0;26.96;17.95;3;0
1044;1;41.34;12.5;4;0
1045;0;29.99;13.5;4;0
1046;0;37.55;20.59;0;0
1047;0;24.55;22.65;0;0
1048;0;36.09;19.41;0;0
1049;0;24.99;14.08;1;0
1050;0;16.35;15.21;2;0
1051;0;44.78;15.22;0;0
1052;1;2.13;21.81;1;0
1053;0;27.59;16.35;2;0
1054;0;31.21;4.98;1;0
1055;0;30.28;12.45;1;0
1056;0;34.24;8.3;0;0
1057;0;20.91;11.38;1;0
1058;0;35.36;16.91;0;0
1059;0;40.66;16.02;1;0
1060;0;32.81;7.63;1;0
1061;0;29.67;20.88;1;0
1062;0;19.84;12.4;1;0
1063;0;15.95;12.75;1;0
1064;1;26.2;10.09;2;0
1065;0;40.72;17.32;0;0
1066;0;36.72;19.05;0;0
1067;0;31.86;15.11;1;0
1068;0;28.46;19.82;0;0
1069;0;27.27;18.54;1;0
1070;0;24.34;17.77;1;0
1071;0;34.9;20.44;1;0
1072;0;37.25;12.88;1;0
1073;0;24.34;14.43;1;0
1074;0;39.58;14.89;2;0
1075;0;27.54;21.04;0;0
1076;0;4.4;17.55;1;0
1077;0;26.21;9.55;4;1
1078;0;54.79;18.87;0;1
1079;0;35.68;18.81;1;0
1080;0;32.56;14.89;0;0
1081;0;49.49;19.27;1;0
1082;0;36.65;18.38;3;0
1083;1;35.5;18.16;3;0
1084;0;43.5;17.35;3;0
1085;0;42.96;18.79;2;0
1086;0;22.46;21.04;3;0
1087;0;36.89;17.6;1;0
1088;0;17.32;18.96;0;0
1089;0;35.96;15.69;2;0
1090;0;26.08;16.87;0;0
1091;0;28.27;20.34;2;0
1092;0;31.48;14.48;1;0
1093;0;17.78;12.71;2;0
1094;0;41.68;13.52;0;0
1095;0;46.65;16.88;1;0
1096;0;16.73;21.22;1;0
1097;0;47.58;18.96;1;0
1098;0;31.82;16.63;1;0
1099;0;46.95;14.09;3;0
1100;0;34.07;23.19;1;0
1101;0;27.59;20.74;2;0
1102;0;30.07;8.74;4;1
1103;0;28.14;17.47;0;0
1104;0;37.03;16.12;4;0
1105;0;34.24;20.95;2;1
1106;0;32.39;15.27;3;0
1107;0;30.58;16.08;3;0
1108;0;40.1;6.85;3;0
1109;0;23.87;15.9;0;0
1110;0;24.58;22.0;2;0
1111;0;32.13;10.07;0;0
1112;0;17.17;13.23;0;0
1113;0;35.07;24.89;1;0
1114;0;28.07;22.7;1;0
1115;0;28.05;17.22;1;1
1116;0;26.5;21.77;3;0
1117;1;33.86;18.25;1;0
1118;0;26.4;16.0;3;0
1119;0;35.41;20.12;3;0
1120;0;26.71;13.82;1;0
1121;0;26.25;14.31;5;1
1122;0;32.15;20.92;1;1
1123;0;22.36;19.57;2;0
1124;0;28.29;20.67;1;0
1125;0;24.19;10.44;2;0
1126;0;14.91;18.96;2;0
1127;0;31.3;16.53;0;0
1128;1;29.67;19.06;2;0
1129;0;17.56;11.77;2;0
1130;0;5.97;15.37;1;0
1131;0;41.92;12.02;1;0
1132;0;13.35;17.89;1;0
1133;0;25.18;14.02;5;1
1134;0;35.05;21.79;1;0
1135;0;42.77;16.8;2;0
1136;1;45.95;18.29;1;1
1137;0;26.62;19.06;1;0
1138;0;23.7;19.01;1;0
1139;0;37.43;16.01;2;0
1140;0;36.4;14.38;1;0
1141;0;33.32;18.14;1;0
1142;0;18.09;20.41;6;1
1143;0;30.5;23.41;0;0
1144;0;36.84;12.27;2;0
1145;0;30.14;12.99;0;0
1146;0;25.77;18.65;1;0
1147;0;44.57;14.04;0;0
1148;0;29.51;7.79;3;0
1149;1;18.12;12.53;2;0
1150;0;32.86;10.91;5;1
1151;0;36.92;11.79;0;0
1152;0;35.62;14.69;1;0
1153;0;16.22;17.61;1;0
1154;0;36.48;17.44;1;0
1155;0;22.37;17.96;4;1
1156;0;28.63;18.45;1;0
1157;0;24.89;15.01;1;0
1158;1;31.11;17.57;1;0
1159;0;17.56;20.9;0;0
1160;0;19.07;13.16;0;0
1161;1;29.02;15.22;3;0
1162;0;29.33;12.12;0;0
1163;0;33.03;20.67;1;0
1164;0;31.93;11.03;2;0
1165;1;52.21;24.6;0;0
1166;0;20.09;14.21;3;0
1167;0;26.18;17.5;1;0
1168;0;26.44;18.14;1;0
1169;1;21.35;18.11;1;0
1170;0;33.88;19.06;0;0
1171;0;26.84;15.37;1;0
1172;0;34.58;14.25;2;0
1173;0;37.77;18.57;1;0
1174;0;15.78;23.05;1;0
1175;0;36.86;8.69;0;0
1176;0;32.84;16.52;4;0
1177;0;19.24;16.09;3;0
1178;0;28.25;20.3;3;0
1179;0;44.57;13.35;1;0
1180;0;35.33;16.63;0;0
1181;0;41.72;12.6;1;0
1182;0;48.81;15.16;3;1
1183;0;32.69;14.05;2;0
1184;0;33.01;20.58;2;0
1185;0;35.87;18.45;3;0
1186;0;24.12;19.46;0;0
1187;0;37.49;20.36;2;0
1188;0;26.76;12.33;1;0
1189;0;24.4;19.0;0;0
1190;0;26.52;4.76;0;0
1191;1;27.22;17.71;2;0
1192;1;39.97;21.4;4;1
1193;1;27.2;17.81;5;1
1194;0;32.03;14.1;1;0
1195;0;33.12;20.0;1;0
1196;0;42.13;11.05;1;0
1197;0;37.6;18.16;4;0
1198;0;20.15;18.18;2;0
1199;0;39.41;19.8;1;0
1200;0;36.7;21.92;1;0
1201;0;36.91;18.77;2;0
1202;0;14.2;18.79;0;0
1203;0;31.16;17.43;1;0
1204;1;40.26;22.55;1;1
1205;0;32.95;16.6;1;0
1206;0;22.78;17.51;0;0
1207;0;30.02;14.68;2;0
1208;0;32.54;17.46;3;0
1209;1;29.72;18.67;0;0
1210;0;46.78;15.32;1;0
1211;0;29.58;20.49;1;0
1212;0;28.05;21.22;1;0
1213;0;38.88;14.34;1;0
1214;0;18.34;20.04;2;0
1215;0;37.62;13.41;1;0
1216;0;23.99;17.97;3;0
1217;0;28.29;20.26;4;0
1218;0;42.43;19.31;3;0
1219;0;30.36;18.11;1;0
1220;0;23.63;19.12;2;0
1221;0;22.83;17.2;2;0
1222;0;36.7;20.41;3;0
1223;0;30.87;18.12;1;0
1224;0;30.33;14.31;1;0
1225;0;18.09;11.92;1;0
1226;0;29.02;20.42;2;0
1227;0;31.37;15.57;0;0
1228;0;27.4;17.36;1;0
1229;0;14.43;21.89;2;0
1230;0;37.04;19.56;1;0
1231;0;46.05;19.23;0;1
1232;0;41.31;15.63;0;1
1233;0;21.79;4.09;0;0
1234;0;21.47;14.35;2;0
1235;0;30.38;18.33;4;0
1236;0;27.03;21.68;0;0
1237;0;25.65;13.75;3;0
1238;1;37.38;17.72;3;0
1239;0;28.56;16.35;2;0
1240;0;27.56;14.6;4;1
1241;0;33.8;16.62;5;0
1242;1;43.66;19.56;3;0
1243;0;31.08;18.08;1;0
1244;0;33.46;21.61;1;0
1245;0;23.82;19.67;2;0
1246;0;33.03;16.14;5;0
1247;0;19.99;18.19;1;0
1248;1;32.93;15.86;0;0
1249;0;41.33;19.67;2;0
1250;0;24.72;10.99;1;0
1251;0;28.75;14.44;3;0
1252;0;38.98;15.68;2;0
1253;1;33.52;17.99;4;0
1254;0;31.69;17.09;2;1
1255;0;12.94;24.68;0;0
1256;0;27.68;15.73;2;0
1257;0;30.99;16.93;1;0
1258;1;33.05;21.06;2;0
1259;0;32.18;10.08;2;0
1260;0;27.22;14.34;3;0
1261;0;24.65;20.46;3;0
1262;0;37.52;10.14;4;0
1263;0;38.2;11.43;1;1
1264;0;24.99;13.8;1;0
1265;0;44.34;18.14;1;0
1266;0;26.42;13.95;0;0
1267;0;28.25;21.7;1;0
1268;0;36.01;22.14;0;0
1269;0;22.19;17.71;4;1
1270;0;27.66;24.82;0;0
1271;1;40.31;22.46;1;0
1272;0;28.25;18.5;4;0
1273;0;20.69;10.69;6;1
1274;0;29.99;17.09;0;0
1275;0;11.46;20.74;2;0
1276;0;39.05;28.56;1;1
1277;0;29.92;23.62;1;0
1278;0;42.11;22.91;0;1
1279;0;19.62;22.32;2;0
1280;0;19.07;17.82;0;1
1281;0;27.64;13.09;0;0
1282;0;39.0;18.2;4;0
1283;0;23.73;10.56;2;0
1284;0;44.85;21.36;5;1
1285;0;36.98;19.86;4;0
1286;0;19.43;16.98;1;0
1287;0;33.37;11.63;2;0
1288;0;43.04;15.98;1;0
1289;0;16.66;20.46;0;0
1290;0;42.4;17.98;0;0
1291;0;22.03;19.81;1;0
1292;0;37.62;22.75;0;0
1293;0;37.52;15.11;1;0
1294;0;14.89;22.27;1;0
1295;0;34.61;13.74;0;0
1296;0;36.31;19.97;2;0
1297;0;30.87;18.76;2;0
1298;0;36.62;27.94;1;0
1299;0;45.27;17.66;2;1
1300;0;33.86;14.88;3;0
1301;0;19.55;11.71;3;0
1302;0;45.99;19.55;1;1
1303;0;37.77;13.01;1;0
1304;0;10.52;22.32;3;0
1305;0;23.99;21.17;2;0
1306;0;32.16;15.67;3;1
1307;0;33.32;15.81;3;0
1308;0;29.17;17.43;0;0
1309;1;29.58;13.71;2;0
1310;0;13.36;15.92;1;1
1311;0;34.15;13.97;1;0
1312;0;24.02;21.56;1;0
1313;0;40.09;14.96;2;0
1314;0;31.47;14.03;3;0
1315;0;43.23;6.71;2;0
1316;0;31.11;18.26;2;0
1317;0;27.8;23.36;2;0
1318;0;35.34;17.89;2;0
1319;0;42.26;14.87;3;0
1320;0;31.52;16.8;2;0
1321;0;33.63;18.79;1;0
1322;1;22.46;11.81;2;1
1323;0;33.51;19.36;0;0
1324;0;26.28;15.66;2;0
1325;0;26.03;15.8;6;1
1326;0;35.9;19.64;2;0
1327;0;16.46;12.12;2;1
1328;0;29.24;23.49;1;0
1329;0;23.99;12.51;2;0
1330;0;25.69;20.8;2;0
1331;0;35.63;19.45;3;0
1332;0;41.99;10.68;3;0
1333;0;37.64;14.09;1;0
1334;0;54.62;14.27;1;1
1335;0;41.43;5.1;0;0
1336;0;42.76;18.21;3;0
1337;1;40.27;13.4;0;1
1338;0;27.15;18.42;2;0
1339;1;25.19;18.73;4;1
1340;0;25.65;22.83;1;0
1341;0;35.79;21.29;1;0
1342;0;29.05;17.12;2;0
1343;0;43.3;7.67;0;0
1344;0;48.35;13.35;0;1
1345;0;0.0;13.57;4;1
1346;1;22.73;15.96;1;1
1347;0;38.23;16.31;0;0
1348;0;25.81;17.84;1;0
1349;0;24.04;13.86;2;0
1350;0;48.57;19.63;0;1
1351;0;9.93;22.29;1;0
1352;0;15.37;17.11;0;0
1353;0;19.45;18.41;0;0
1354;0;25.11;18.93;2;0
1355;0;51.46;20.44;3;0
1356;0;23.14;17.36;1;0
1357;0;28.85;14.1;3;0
1358;0;38.62;16.52;0;0
1359;0;37.03;18.75;1;1
1360;0;21.11;10.53;2;0
1361;0;35.05;19.75;1;0
1362;0;22.59;5.7;3;0
1363;0;17.83;20.2;3;0
1364;0;41.65;21.31;1;1
1365;0;31.37;19.04;1;0
1366;0;15.22;15.24;3;0
1367;1;40.05;16.56;1;0
1368;0;31.62;22.3;4;0
1369;0;38.06;13.23;1;0
1370;0;30.52;13.8;1;0
1371;0;28.8;21.55;1;0
1372;0;20.08;12.27;1;0
1373;0;19.04;16.46;4;1
1374;0;28.63;19.2;0;0
1375;0;36.43;16.0;0;0
1376;0;41.77;20.56;4;1
1377;0;26.62;6.04;1;0
1378;1;24.28;23.15;1;0
1379;0;34.41;19.61;3;0
1380;0;19.86;10.46;1;0
1381;0;26.47;22.13;1;0
1382;0;40.14;24.58;2;0
1383;0;23.48;22.11;2;0
1384;0;8.82;13.77;3;0
1385;0;13.82;18.75;0;0
1386;0;29.16;13.01;0;0
1387;0;21.42;12.27;1;0
1388;1;33.52;13.26;4;0
1389;0;33.0;19.31;1;0
1390;0;19.67;10.86;1;0
1391;0;26.72;16.69;3;0
1392;0;45.85;17.65;3;1
1393;0;41.89;19.39;0;0
1394;0;38.66;22.82;1;0
1395;0;32.27;9.82;0;0
1396;1;32.11;13.68;4;0
1397;0;0.0;16.33;1;0
1398;0;18.79;19.36;1;0
1399;0;28.49;18.63;4;0
1400;0;22.44;16.79;3;0
1401;0;28.53;21.07;0;0
1402;0;36.28;17.4;1;0
1403;0;29.82;8.36;0;0
1404;0;14.04;19.07;3;0
1405;0;24.34;7.49;4;1
1406;0;21.34;22.93;1;0
1407;0;13.99;21.77;6;1
1408;0;28.15;16.65;1;0
1409;0;31.13;19.77;0;0
1410;0;27.56;18.03;1;0
1411;0;28.32;16.35;1;0
1412;0;23.1;19.82;1;0
1413;0;28.17;18.33;0;0
1414;0;29.94;14.87;1;0
1415;0;24.19;17.38;0;0
1416;0;30.19;25.23;3;0
1417;0;14.14;16.2;1;0
1418;1;39.95;15.58;2;0
1419;0;17.97;12.05;2;0
1420;1;25.4;14.61;3;1
1421;0;45.0;18.4;0;0
1422;0;27.25;18.83;1;0
1423;1;16.3;13.56;1;0
1424;0;23.92;16.59;0;0
1425;0;20.35;19.7;2;0
1426;0;16.98;22.4;2;0
1427;0;42.65;14.57;2;0
1428;1;34.1;24.61;2;0
1429;0;35.67;16.71;1;0
1430;0;33.66;23.26;1;0
1431;0;40.77;10.96;1;0
1432;0;27.97;12.57;0;0
1433;0;37.55;16.34;1;0
1434;0;19.18;20.73;2;0
1435;1;19.14;22.24;0;1
1436;0;38.49;19.95;1;0
1437;1;41.63;18.67;4;0
1438;0;34.54;20.04;2;0
1439;0;23.24;20.66;0;0
1440;0;25.94;17.76;1;0
1441;0;46.73;15.86;1;0
1442;0;33.27;17.77;1;1
1443;1;34.73;16.05;1;0
1444;0;37.79;12.43;3;0
1445;0;37.83;14.58;1;0
1446;0;21.9;13.37;2;0
1447;0;29.63;14.56;0;0
1448;0;41.23;13.8;4;0
1449;0;37.67;24.24;4;0
1450;0;19.43;18.79;0;0
1451;0;37.35;15.88;2;0
1452;0;24.63;12.86;2;0
1453;0;40.21;9.95;2;0
1454;0;29.58;17.8;2;1
1455;0;18.62;28.23;1;0
1456;0;13.87;20.03;1;0
1457;0;22.68;10.29;1;0
1458;0;23.31;17.83;1;0
1459;0;33.49;16.18;0;0
1460;0;33.68;13.32;3;0
1461;0;6.72;22.47;0;0
1462;0;33.92;17.64;2;0
1463;0;26.66;18.34;1;0
1464;0;31.18;20.2;3;0
1465;0;22.51;10.34;1;0
1466;0;10.74;18.72;0;0
1467;1;30.79;18.35;0;1
1468;0;19.98;17.58;3;0
1469;0;37.18;13.89;0;0
1470;0;35.24;11.67;1;0
1471;0;25.6;25.63;0;0
1472;1;46.46;22.41;1;1
1473;1;45.24;15.47;1;0
1474;0;19.18;13.32;0;0
1475;0;17.8;6.99;3;0
1476;0;32.95;16.8;0;0
1477;0;28.66;25.33;1;0
1478;0;43.04;17.09;2;0
1479;0;29.7;19.73;1;0
1480;0;14.79;16.46;0;0
1481;0;34.77;11.29;2;0
1482;0;38.51;12.93;3;0
1483;1;39.8;13.86;1;0
1484;1;22.66;15.55;3;1
1485;0;22.76;14.14;1;0
1486;0;27.23;11.81;0;0
1487;0;39.2;19.05;0;0
1488;0;38.66;14.96;2;0
1489;0;12.38;22.7;2;0
1490;0;33.34;25.2;1;0
1491;0;33.51;14.1;1;0
1492;0;37.33;25.78;1;0
1493;0;26.08;12.87;4;1
1494;0;36.72;15.89;2;0
1495;0;37.89;22.27;0;0
1496;0;19.7;20.11;3;0
1497;0;32.27;12.55;1;0
1498;0;26.3;25.33;0;0
1499;0;23.19;17.21;3;0
1500;0;28.99;23.59;1;0
1501;0;46.31;9.17;0;0
1502;0;35.7;19.78;8;0
1503;1;40.21;13.86;2;0
1504;0;26.16;18.71;2;0
1505;0;37.91;19.3;1;0
1506;0;42.91;14.27;2;0
1507;0;33.64;14.29;1;0
1508;0;25.91;23.34;3;0
1509;0;40.36;14.95;3;0
1510;0;45.15;15.36;1;0
1511;0;33.54;25.99;1;0
1512;0;33.85;18.85;1;0
1513;0;39.73;17.67;2;0
1514;0;31.13;13.61;1;0
1515;0;23.7;12.19;2;0
1516;0;36.36;22.14;1;1
1517;0;35.21;17.01;1;0
1518;0;23.75;17.22;2;0
1519;0;30.12;19.44;2;0
1520;0;28.87;14.76;2;0
1521;0;29.5;20.77;3;0
1522;0;27.18;14.64;1;0
1523;0;19.57;16.73;2;0
1524;0;23.26;15.26;2;0
1525;0;15.67;17.95;1;0
1526;0;41.46;11.31;2;0
1527;0;19.91;20.01;0;0
1528;0;37.96;14.2;0;1
1529;0;26.32;14.58;3;0
1530;0;44.44;18.33;1;1
1531;1;7.91;15.81;4;1
1532;0;25.48;14.53;0;1
1533;1;41.17;19.22;2;1
1534;0;44.1;14.68;1;1
1535;0;37.81;15.79;2;0
1536;0;11.8;16.22;0;0
1537;1;26.61;17.78;4;1
1538;0;10.4;7.85;5;1
1539;1;41.68;8.63;0;0
1540;0;17.39;11.49;3;0
1541;0;39.25;14.25;3;0
1542;1;38.66;17.98;0;0
1543;0;32.78;13.43;1;0
1544;0;27.64;17.53;1;0
1545;0;37.3;15.34;2;0
1546;0;23.32;14.1;1;0
1547;0;14.91;23.65;1;0
1548;0;46.09;14.62;1;0
1549;0;17.58;16.09;1;0
1550;0;8.87;18.71;2;0
1551;0;28.12;23.26;0;1
1552;0;25.08;16.29;2;0
1553;0;37.03;18.25;0;0
1554;0;40.07;11.64;1;0
1555;0;34.77;11.87;2;0
1556;0;30.33;21.0;0;0
1557;0;22.12;21.01;2;0
1558;0;17.63;20.09;2;0
1559;0;40.78;15.05;2;0
1560;0;25.23;22.7;0;0
1561;0;25.26;17.92;2;0
1562;0;32.49;10.98;0;0
1563;0;37.15;9.58;1;0
1564;0;16.58;16.64;1;0
1565;0;21.88;10.0;0;0
1566;0;40.22;16.79;2;0
1567;0;14.6;19.27;0;0
1568;0;24.0;14.25;1;0
1569;0;33.05;14.96;0;0
1570;0;28.49;13.13;2;0
1571;0;39.87;13.96;1;0
1572;0;26.21;16.72;1;0
1573;0;24.34;14.44;1;0
1574;1;36.79;21.22;1;0
1575;0;27.52;12.85;1;0
1576;0;20.18;17.43;3;0
1577;0;30.45;16.71;1;0
1578;0;25.14;17.79;2;0
1579;0;35.56;9.91;2;0
1580;0;41.53;27.4;0;0
1581;0;29.8;22.3;1;0
1582;0;25.59;10.23;1;0
1583;0;33.56;25.13;0;0
1584;0;27.8;12.21;1;0
1585;0;40.27;16.8;2;1
1586;0;13.99;14.21;1;0
1587;0;36.72;13.06;1;0
1588;1;30.6;16.9;1;0
1589;0;24.43;14.71;1;0
1590;0;33.69;23.83;1;0
1591;0;31.55;18.67;2;0
1592;0;23.39;13.77;3;0
1593;1;46.56;23.68;1;1
1594;0;21.3;12.0;3;0
1595;0;30.4;14.27;3;0
1596;0;36.53;16.85;0;0
1597;0;27.71;17.33;2;0
1598;0;27.85;11.47;2;0
1599;0;32.22;17.42;1;0
1600;0;26.38;19.63;0;0
1601;1;41.19;29.83;0;1
1602;1;43.2;15.32;3;0
1603;0;19.04;17.68;2;0
1604;0;19.64;22.72;3;0
1605;0;23.31;17.92;1;0
1606;0;33.73;20.05;0;0
1607;0;22.56;17.39;3;0
1608;0;37.33;17.88;2;0
1609;0;28.83;19.95;0;0
1610;1;27.27;24.98;4;0
1611;0;16.15;14.27;0;0
1612;0;27.22;21.82;2;0
1613;0;33.08;19.79;3;0
1614;0;40.19;24.42;1;1
1615;0;26.71;18.11;2;0
1616;0;30.57;14.72;0;0
1617;1;25.19;13.75;0;0
1618;0;31.14;17.8;1;0
1619;0;20.26;14.31;4;1
1620;0;38.08;16.32;0;0
1621;0;3.32;11.98;0;0
1622;0;31.42;21.13;1;0
1623;0;29.97;17.09;1;0
1624;0;41.09;14.32;2;0
1625;0;38.2;24.99;0;0
1626;0;35.24;16.86;1;0
1627;0;33.46;14.28;2;0
1628;0;18.85;9.83;1;0
1629;0;20.83;23.23;2;0
1630;0;38.57;17.14;2;0
1631;0;31.79;12.02;2;0
1632;0;28.99;16.42;0;0
1633;0;34.82;13.69;0;0
1634;0;28.2;20.05;2;0
1635;0;26.18;16.91;4;1
1636;0;26.88;27.39;1;0
1637;0;38.28;18.28;2;0
1638;0;27.1;15.26;6;1
1639;0;29.36;11.82;2;0
1640;0;37.88;14.94;3;0
1641;1;36.4;20.44;1;0
1642;0;9.32;14.71;1;0
1643;0;22.78;14.83;3;0
1644;0;31.42;14.88;1;0
1645;0;48.13;24.33;3;0
1646;0;49.61;18.22;0;1
1647;0;37.86;8.99;1;0
1648;0;29.67;20.13;0;0
1649;0;11.63;16.43;0;0
1650;0;46.41;18.32;1;0
1651;1;38.3;9.2;1;1
1652;0;48.14;13.82;1;0
1653;1;22.34;18.67;1;1
1654;0;15.25;11.78;1;0
1655;0;21.61;21.05;3;0
1656;0;18.0;19.69;1;0
1657;0;24.19;13.43;2;0
1658;0;32.52;11.77;2;0
1659;0;34.32;13.29;0;0
1660;0;42.04;15.53;3;0
1661;0;41.17;13.57;1;0
1662;1;21.64;18.9;5;1
1663;0;27.54;20.5;1;0
1664;0;30.45;20.26;2;0
1665;0;33.56;10.49;3;0
1666;0;25.19;26.24;2;0
1667;0;32.83;14.63;0;0
1668;0;29.19;14.86;1;0
1669;0;33.75;23.0;1;0
1670;0;20.69;15.64;1;0
1671;0;22.13;23.63;2;0
1672;0;34.58;14.33;2;0
1673;0;29.7;23.87;5;0
1674;1;40.97;19.7;1;1
1675;0;24.09;18.79;0;0
1676;0;22.92;14.21;2;0
1677;0;27.73;21.2;1;0
1678;0;24.74;19.41;1;0
1679;0;56.07;17.71;0;1
1680;0;33.07;15.84;2;0
1681;0;22.42;23.18;1;0
1682;0;25.5;13.55;1;0
1683;0;33.42;20.52;2;0
1684;0;16.95;12.33;2;0
1685;0;24.41;12.05;3;0
1686;0;39.42;18.0;2;0
1687;0;6.43;13.2;3;0
1688;0;12.38;15.84;3;0
1689;0;16.12;18.62;1;0
1690;0;37.71;17.9;1;0
1691;0;45.73;19.86;2;1
1692;0;45.61;15.77;1;1
1693;0;33.78;21.17;1;0
1694;0;19.64;18.54;7;1
1695;0;34.36;16.63;2;0
1696;0;36.65;17.05;1;0
1697;0;28.88;17.8;1;0
1698;0;34.29;14.4;0;0
1699;0;37.59;13.62;4;0
1700;0;37.18;9.78;2;0
1701;0;49.93;23.16;2;1
1702;0;20.45;20.43;4;1
1703;0;29.89;17.56;2;0
1704;0;47.35;20.46;1;1
1705;0;40.17;16.22;3;0
1706;0;46.55;10.17;1;0
1707;0;22.29;13.64;5;1
1708;0;28.46;21.98;4;0
1709;0;33.61;21.29;3;0
1710;0;28.82;19.63;2;0
1711;1;38.28;14.74;0;0
1712;0;29.67;18.16;4;0
1713;0;22.05;15.09;5;1
1714;0;34.0;9.17;3;0
1715;0;16.3;22.24;0;0
1716;0;25.98;20.64;1;0
1717;0;22.08;17.74;1;0
1718;1;45.63;12.8;2;1
1719;0;32.05;12.61;2;0
1720;0;29.0;13.78;1;0
1721;0;32.54;17.06;1;0
1722;0;12.8;15.29;1;0
1723;0;25.47;23.49;2;0
1724;0;19.7;9.46;1;0
1725;0;21.9;17.33;2;0
1726;0;22.39;18.4;1;0
1727;0;17.24;13.52;1;0
1728;0;25.33;20.04;4;0
1729;0;16.46;14.5;2;0
1730;0;18.28;21.79;2;0
1731;0;39.58;25.79;0;1
1732;0;20.59;22.12;3;0
1733;0;21.13;23.01;0;0
1734;0;26.81;25.38;1;0
1735;0;21.13;17.6;0;0
1736;0;48.69;17.48;1;1
1737;0;24.09;17.48;0;0
1738;0;29.41;20.89;0;0
1739;0;45.68;25.59;2;1
1740;0;37.15;11.41;0;0
1741;0;43.4;16.54;3;0
1742;0;7.12;17.94;1;0
1743;0;44.34;21.94;1;0
1744;0;40.7;22.05;0;0
1745;0;38.54;14.31;0;0
1746;0;30.48;17.76;1;1
1747;0;26.86;16.75;1;0
1748;0;29.87;22.01;1;0
1749;0;26.76;14.26;3;0
1750;0;19.23;14.35;1;1
1751;0;31.06;20.95;1;0
1752;1;27.42;10.57;0;1
1753;0;24.23;17.71;2;0
1754;1;32.39;22.07;2;1
1755;1;27.08;14.5;1;0
1756;1;26.15;10.48;1;0
1757;1;30.72;14.84;2;0
1758;0;34.46;19.12;0;0
1759;0;32.44;22.21;0;0
1760;0;34.87;19.78;2;0
1761;0;40.05;20.13;1;0
1762;0;32.18;13.25;0;0
1763;0;28.37;23.22;1;0
1764;0;41.68;21.6;0;1
1765;0;22.54;18.79;4;1
1766;0;30.99;11.88;2;0
1767;0;32.69;7.54;2;0
1768;1;20.74;18.72;2;1
1769;0;32.81;21.25;2;0
1770;0;26.96;18.7;0;0
1771;0;15.56;18.69;2;0
1772;0;26.11;17.47;1;0
1773;1;37.67;13.35;1;0
1774;0;41.6;14.28;1;0
1775;0;40.77;24.3;0;0
1776;0;29.31;19.59;0;0
1777;0;41.23;20.86;3;1
1778;0;19.99;13.53;2;0
1779;0;29.67;22.04;1;0
1780;0;26.74;18.78;1;0
1781;0;32.64;20.32;1;0
1782;0;37.09;14.39;1;0
1783;0;24.58;11.9;1;0
1784;1;26.11;19.8;0;1
1785;0;23.09;18.91;2;0
1786;0;27.32;12.48;0;0
1787;0;34.43;20.52;1;0
1788;0;25.87;19.3;1;0
1789;0;38.66;6.22;0;0
1790;0;32.57;17.48;2;0
1791;0;23.61;17.99;1;0
1792;0;21.59;17.59;0;0
1793;0;28.66;22.03;1;0
1794;0;48.72;18.97;1;1
1795;0;27.98;22.34;1;0
1796;0;24.48;11.54;1;0
1797;0;24.07;17.67;0;0
1798;0;34.73;21.02;1;0
1799;0;27.74;14.25;1;0
1800;0;38.25;20.76;0;0
1801;0;29.94;16.97;2;0
1802;0;43.21;19.39;5;0
1803;0;29.73;22.27;1;0
1804;1;31.84;13.66;0;1
1805;0;36.01;19.63;3;0
1806;0;41.12;10.79;0;0
1807;0;33.34;16.97;3;0
1808;0;39.32;17.88;3;0
1809;0;27.47;16.69;1;0
1810;0;32.98;20.49;0;0
1811;0;18.65;19.02;3;0
1812;1;47.09;20.26;1;0
1813;0;32.66;13.91;0;0
1814;0;33.73;18.44;0;0
1815;0;35.56;13.57;0;0
1816;0;31.42;18.39;2;0
1817;0;28.53;12.07;2;0
1818;0;23.66;16.27;3;0
1819;0;37.62;14.25;0;0
1820;0;20.67;14.05;1;0
1821;0;45.97;20.83;1;0
1822;0;23.73;20.48;2;0
1823;0;43.01;11.81;2;0
1824;0;31.26;20.46;1;0
1825;0;34.56;22.09;3;0
1826;0;34.1;12.96;3;0
1827;0;28.49;14.96;2;0
1828;0;26.61;17.37;2;0
1829;0;36.57;16.78;1;0
1830;0;51.29;14.2;1;0
1831;0;25.89;22.74;7;0
1832;0;33.22;18.03;1;0
1833;0;35.48;23.42;2;0
1834;0;32.32;18.97;0;0
1835;0;31.52;15.17;4;0
1836;0;31.14;21.49;0;0
1837;1;9.21;25.77;1;1
1838;0;35.36;15.73;1;0
1839;0;39.15;6.62;1;0
1840;0;40.94;6.45;2;0
1841;0;33.27;9.03;2;0
1842;0;46.94;17.09;0;1
1843;0;28.24;14.95;2;0
1844;0;23.1;20.78;4;1
1845;1;32.15;18.97;2;1
1846;0;30.24;14.88;1;0
1847;0;24.46;17.88;2;0
1848;1;25.19;13.57;2;0
1849;0;48.81;13.54;2;1
1850;0;30.55;18.54;1;1
1851;0;28.19;16.15;5;1
1852;0;24.5;14.25;1;0
1853;0;29.33;21.51;0;0
1854;0;33.97;14.2;1;0
1855;0;18.55;12.1;2;0
1856;0;29.21;25.64;1;0
1857;0;37.79;24.31;1;1
1858;0;41.79;22.5;0;0
1859;0;27.98;23.0;0;0
1860;0;35.99;23.09;0;0
1861;1;25.02;13.61;0;1
1862;1;43.3;21.44;0;1
1863;1;28.92;23.1;1;0
1864;0;33.17;22.23;0;0
1865;0;25.38;15.9;7;1
1866;0;13.92;21.57;2;1
1867;1;32.49;12.72;0;0
1868;0;35.17;19.07;3;0
1869;0;40.63;23.21;1;1
1870;0;30.48;21.48;0;0
1871;0;31.5;18.62;0;0
1872;1;24.04;10.53;2;0
1873;0;42.26;10.14;1;0
1874;0;25.93;21.45;2;0
1875;0;24.75;19.63;1;0
1876;0;27.91;16.68;1;0
1877;1;37.57;14.06;1;0
1878;0;50.22;19.73;1;1
1879;0;23.77;14.87;2;0
1880;0;27.59;12.67;4;1
1881;0;46.36;20.09;0;1
1882;1;34.05;19.26;2;0
1883;0;26.71;14.65;1;0
1884;1;23.09;17.05;2;0
1885;0;40.24;19.71;1;0
1886;0;18.94;14.88;3;0
1887;1;26.54;9.1;0;1
1888;0;32.49;24.04;2;0
1889;0;26.01;11.99;1;1
1890;0;37.2;20.64;4;0
1891;0;34.92;11.47;3;0
1892;1;38.28;15.72;0;1
1893;0;42.48;21.63;2;1
1894;0;22.37;11.65;3;0
1895;0;33.64;14.08;0;0
1896;0;28.31;17.87;1;0
1897;0;38.32;15.9;1;0
1898;0;46.89;16.11;2;1
1899;0;24.29;7.53;1;0
1900;0;35.22;21.76;1;0
1901;0;35.05;17.95;1;0
1902;0;35.75;16.64;1;0
1903;1;38.37;10.17;1;1
1904;0;28.53;17.45;4;1
1905;0;33.61;12.94;2;0
1906;0;28.87;5.54;1;0
1907;0;32.4;20.17;2;0
1908;0;13.65;13.03;2;0
1909;0;39.39;19.13;0;0
1910;0;11.75;19.58;0;0
1911;0;32.1;18.48;4;0
1912;0;25.6;14.37;8;1
1913;0;32.64;11.86;2;0
1914;0;27.83;9.62;3;0
1915;0;35.99;16.89;1;0
1916;0;29.84;11.25;1;0
1917;0;25.52;17.01;2;0
1918;0;32.22;14.99;1;0
1919;0;12.04;18.33;6;1
1920;0;36.64;16.21;1;0
1921;0;17.29;17.24;3;0
1922;0;43.93;10.78;4;0
1923;0;41.21;13.0;1;0
1924;0;22.41;24.17;1;0
1925;0;32.33;16.8;2;0
1926;0;26.2;17.36;2;0
1927;0;31.96;7.69;3;0
1928;0;17.53;23.38;1;0
1929;0;29.82;13.56;0;0
1930;0;24.72;17.77;1;0
1931;1;42.6;15.97;1;0
1932;0;27.46;18.21;1;0
1933;0;44.22;21.8;1;1
1934;0;47.82;25.63;0;1
1935;1;22.12;14.2;3;1
1936;0;17.34;9.63;2;0
1937;0;37.18;13.18;1;0
1938;0;21.85;16.01;1;0
1939;0;21.88;19.3;2;1
1940;0;29.27;13.82;1;0
1941;0;33.86;10.71;1;0
1942;0;31.37;17.04;2;0
1943;0;28.66;14.93;0;0
1944;0;29.58;17.45;1;0
1945;0;39.17;21.88;1;0
1946;0;33.69;17.24;1;0
1947;0;31.64;17.99;0;0
1948;0;25.25;20.66;1;0
1949;0;26.71;22.85;0;0
1950;0;26.35;11.34;4;1
1951;1;21.98;15.0;1;0
1952;0;32.05;15.47;1;0
1953;0;35.5;19.15;0;0
1954;0;40.46;23.67;0;1
1955;0;35.89;17.59;0;0
1956;0;33.81;17.6;3;0
1957;0;36.18;17.35;1;0
1958;0;23.36;10.2;3;0
1959;0;32.61;22.76;2;0
1960;0;25.33;4.18;0;0
1961;0;19.91;21.22;3;0
1962;0;18.36;20.56;3;0
1963;0;19.18;16.95;0;0
1964;0;29.9;16.01;1;0
1965;0;40.22;14.44;1;1
1966;0;28.8;15.72;1;0
1967;0;22.03;20.93;3;0
1968;0;30.11;15.7;1;0
1969;0;22.66;15.65;1;0
1970;0;28.53;18.1;5;0
1971;0;29.68;26.4;1;0
1972;0;25.55;21.75;2;0
1973;0;48.14;20.37;5;0
1974;0;26.83;13.73;5;1
1975;0;24.0;12.67;2;0
1976;0;39.13;16.67;1;0
1977;1;40.43;17.76;2;1
1978;1;34.68;14.32;3;1
1979;0;37.59;15.18;1;0
1980;0;30.12;12.12;4;0
1981;0;20.06;21.09;1;0
1982;0;27.85;21.73;0;0
1983;0;24.02;19.58;3;0
1984;0;46.33;19.22;3;1
1985;0;20.21;19.41;2;0
1986;0;1.34;11.59;0;0
1987;0;27.12;14.21;0;0
1988;0;25.53;15.78;1;0
1989;0;24.57;22.3;2;0
1990;0;23.92;17.93;2;0
1991;0;28.76;18.43;1;0
1992;0;37.54;12.62;2;0
1993;0;36.77;22.64;0;0
1994;0;28.82;13.4;0;0
1995;0;43.57;21.94;1;0
1996;0;30.55;25.48;1;0
1997;0;45.22;11.06;3;0
1998;0;16.44;16.47;2;0
1999;0;14.06;16.54;0;0
2000;0;28.59;13.74;3;0
2001;0;48.69;15.15;1;1
2002;0;29.63;15.86;3;0
2003;1;32.4;13.74;1;0
2004;0;29.84;17.43;4;0
2005;0;22.68;17.39;1;0
2006;0;34.78;11.56;3;0
2007;0;41.17;19.82;3;0
2008;0;43.03;17.86;3;0
2009;0;22.1;15.75;0;0
2010;0;18.0;16.12;0;0
2011;0;33.01;16.47;3;0
2012;0;31.25;10.5;1;0
2013;0;33.41;16.15;2;0
2014;0;31.37;14.62;3;0
2015;0;44.52;12.59;0;0
2016;0;34.41;22.12;3;0
2017;0;28.46;14.68;3;0
2018;0;28.51;20.98;1;0
2019;0;32.59;16.41;1;0
2020;0;40.83;19.58;2;0
2021;0;32.15;15.15;1;0
2022;0;21.71;15.55;1;0
2023;0;34.88;8.46;1;0
2024;0;26.11;18.44;2;0
2025;0;26.27;16.46;2;0
2026;0;26.13;16.49;1;0
2027;1;29.1;15.79;1;0
2028;0;55.78;12.89;1;1
2029;1;24.8;17.7;0;1
2030;0;34.2;23.81;1;0
2031;0;23.65;20.91;5;0
2032;0;20.21;23.66;2;0
2033;0;36.99;23.72;2;1
2034;0;24.65;17.77;1;0
2035;0;34.6;24.62;3;0
2036;0;40.82;15.33;3;0
2037;0;14.25;20.42;1;0
2038;0;45.87;19.45;1;1
2039;0;21.47;17.82;1;0
2040;0;14.98;14.95;2;0
2041;0;37.15;16.72;2;0
2042;0;40.26;22.39;1;0
2043;0;21.1;16.39;3;0
2044;1;31.31;14.24;0;0
2045;0;37.86;23.55;4;0
2046;0;25.36;16.46;1;0
2047;0;35.11;15.32;3;0
2048;0;27.15;14.35;3;0
2049;0;34.8;17.8;2;0
2050;0;36.24;10.26;1;0
2051;1;45.83;14.59;1;0
2052;0;19.84;18.17;2;0
2053;0;44.78;20.02;0;0
2054;0;23.83;18.18;1;0
2055;0;33.61;10.85;1;0
2056;0;23.15;18.78;3;0
2057;0;15.05;15.2;2;0
2058;0;36.6;20.6;0;0
2059;0;45.76;16.47;3;1
2060;0;34.65;22.7;0;0
2061;0;45.63;18.89;0;0
2062;0;27.05;22.93;1;0
2063;0;19.45;10.85;2;0
2064;0;23.61;17.76;2;0
2065;0;31.62;20.18;1;0
2066;0;28.97;21.63;0;0
2067;0;27.97;19.63;4;0
2068;0;28.66;14.33;1;0
2069;0;44.4;21.32;0;1
2070;0;32.39;15.16;1;0
2071;0;30.79;26.72;2;0
2072;0;30.11;9.75;3;0
2073;0;27.29;20.44;1;0
2074;0;22.9;25.1;2;0
2075;0;33.69;11.82;2;0
2076;1;38.91;21.73;4;1
2077;0;41.09;11.54;0;0
2078;0;22.29;14.98;1;0
2079;0;39.8;17.02;2;0
2080;0;34.02;25.58;0;0
2081;0;26.18;8.02;1;0
2082;0;38.11;16.12;0;0
2083;0;25.21;15.44;3;0
2084;0;29.68;15.01;2;0
2085;0;23.55;13.02;1;0
2086;0;18.53;22.59;1;0
2087;0;27.59;18.06;4;0
2088;0;35.84;16.12;2;0
2089;0;24.21;27.09;1;0
2090;0;38.0;19.98;2;0
2091;0;31.03;19.73;2;0
2092;0;37.33;11.99;2;0
2093;0;32.91;20.25;0;0
2094;0;32.71;13.34;0;0
2095;0;40.15;16.1;0;0
2096;0;39.64;9.63;0;0
2097;0;27.0;16.02;2;0
2098;0;21.44;23.35;1;0
2099;0;49.37;21.58;3;1
2100;0;10.3;14.1;0;0
2101;0;25.23;16.47;0;0
2102;0;41.91;18.39;2;0
2103;0;50.68;17.11;2;1
2104;0;20.28;15.73;2;0
2105;0;41.23;19.8;0;0
2106;1;37.76;13.65;0;1
2107;0;40.15;23.28;2;1
2108;0;24.51;18.04;0;0
2109;0;26.28;20.54;3;0
2110;0;23.36;15.02;2;0
2111;0;17.63;10.8;0;0
2112;0;23.22;17.8;4;1
2113;0;49.27;21.73;2;1
2114;0;44.35;14.32;3;0
2115;1;33.35;15.0;0;1
2116;0;33.25;10.74;1;0
2117;0;37.77;13.81;4;0
2118;1;29.39;15.56;0;1
2119;0;42.47;20.6;0;1
2120;0;26.27;18.38;1;0
2121;0;15.37;23.48;1;0
2122;0;45.7;20.96;0;0
2123;0;18.04;13.4;1;0
2124;0;4.59;13.68;3;0
2125;0;23.82;18.99;1;0
2126;0;41.65;15.33;1;0
2127;0;33.44;17.5;3;0
2128;0;22.3;9.05;2;0
2129;0;25.43;20.38;2;0
2130;0;40.77;21.4;1;0
2131;0;24.16;16.41;1;0
2132;0;19.62;15.19;3;0
2133;0;32.81;19.11;2;0
2134;0;35.04;19.09;1;0
2135;0;27.25;18.81;0;0
2136;0;33.98;24.51;1;0
2137;0;36.23;17.53;0;0
2138;0;30.31;19.98;3;0
2139;1;42.89;17.6;3;1
2140;0;33.61;11.62;4;0
2141;0;18.89;18.52;2;0
2142;0;16.41;17.87;1;1
2143;0;26.67;10.39;3;0
2144;0;20.96;14.45;1;0
2145;0;32.93;15.57;1;0
2146;1;35.17;14.25;0;0
2147;0;42.47;22.26;3;1
2148;0;24.48;19.1;1;0
2149;0;50.92;13.89;0;0
2150;0;38.42;25.89;2;1
2151;0;23.39;12.2;2;0
2152;1;35.99;11.83;1;0
2153;0;15.25;15.28;2;0
2154;1;33.59;20.95;2;0
2155;0;45.9;21.81;2;1
2156;0;38.2;16.32;3;0
2157;0;33.03;10.51;2;0
2158;1;8.11;22.47;0;1
2159;0;32.32;15.49;1;0
2160;1;15.22;28.89;1;1
2161;0;31.04;13.13;0;0
2162;0;34.94;25.37;1;0
2163;0;39.36;22.69;1;0
2164;1;42.72;21.46;3;1
2165;0;29.1;20.7;2;0
2166;0;33.64;21.34;2;0
2167;0;22.92;17.35;1;0
2168;0;32.54;14.32;1;0
2169;0;29.67;16.78;0;0
2170;0;30.16;19.23;0;0
2171;0;30.96;17.98;1;0
2172;0;37.81;14.06;0;0
2173;1;8.13;15.21;0;1
2174;0;20.71;7.59;1;0
2175;0;24.4;16.09;3;0
2176;0;28.03;17.88;2;0
2177;0;32.91;12.64;2;0
2178;0;17.19;22.37;0;0
2179;0;15.69;16.41;2;0
2180;0;28.71;10.53;2;0
2181;0;37.26;17.51;1;0
2182;0;30.28;20.64;0;0
2183;0;24.91;24.18;3;0
2184;0;29.29;22.63;1;0
2185;0;32.45;12.72;1;0
2186;0;39.46;27.8;3;1
2187;0;28.76;14.73;4;1
2188;0;21.05;27.12;2;0
2189;0;16.32;15.05;3;0
2190;0;15.88;21.42;1;0
2191;0;15.4;14.5;1;0
2192;0;25.99;21.81;2;0
2193;0;43.84;17.99;2;0
2194;1;14.48;19.58;2;0
2195;0;27.2;15.68;1;0
2196;0;31.09;24.85;0;0
2197;0;36.75;18.89;2;0
2198;0;44.49;15.45;0;0
2199;0;41.0;14.82;2;0
2200;0;30.12;10.5;1;0
2201;0;15.22;15.37;2;0
2202;1;34.05;16.81;1;0
2203;1;24.65;25.02;4;1
2204;0;27.12;10.17;2;0
2205;0;25.81;11.73;3;0
2206;0;29.95;20.06;1;0
2207;0;25.86;10.29;0;0
2208;0;27.42;18.75;1;0
2209;1;29.19;12.28;3;0
2210;0;47.41;16.17;0;1
2211;0;36.21;19.23;4;0
2212;0;41.29;14.53;1;0
2213;0;36.92;25.79;0;1
2214;0;29.9;24.24;1;0
2215;0;51.54;14.49;0;1
2216;0;40.61;15.91;2;0
2217;0;32.23;15.22;2;0
2218;0;22.66;21.06;5;1
2219;0;15.76;10.86;3;0
2220;0;30.12;21.16;3;0
2221;0;31.37;17.77;2;0
2222;0;29.94;13.55;0;0
2223;0;34.8;12.16;6;0
2224;0;24.41;11.42;2;0
2225;0;30.48;16.05;1;0
2226;0;23.34;18.04;1;0
2227;0;40.43;19.0;2;0
2228;0;34.63;18.39;2;0
2229;0;32.52;21.31;2;0
2230;1;35.55;17.43;2;0
2231;0;15.1;9.32;3;0
2232;0;16.52;13.23;0;0
2233;0;23.44;16.37;1;0
2234;0;38.13;15.78;2;0
2235;0;35.29;12.98;1;0
2236;0;45.58;10.24;2;0
2237;0;28.34;15.24;4;1
2238;0;45.41;15.33;1;1
2239;0;30.91;16.88;2;0
2240;0;25.01;16.97;0;0
2241;0;6.41;12.25;1;0
2242;0;31.45;19.12;2;0
2243;0;26.59;14.54;2;0
2244;0;40.68;16.63;1;0
2245;0;36.64;13.76;2;0
2246;0;22.93;17.98;1;0
2247;0;33.12;17.84;0;0
2248;0;40.65;17.77;5;0
2249;0;15.74;15.1;3;0
2250;0;35.6;17.98;1;0
2251;0;33.59;13.98;1;0
2252;0;2.99;13.74;1;0
2253;1;10.69;17.25;1;0
2254;0;34.39;5.88;1;0
2255;0;23.14;15.42;0;0
2256;0;35.19;14.23;1;0
2257;0;35.34;19.85;1;0
2258;1;47.01;16.63;1;1
2259;0;53.35;12.55;3;0
2260;1;49.05;17.29;1;0
2261;0;35.85;27.99;4;0
2262;0;11.03;15.65;1;0
2263;0;41.4;20.13;1;0
2264;0;33.49;17.31;3;0
2265;0;47.26;21.52;0;0
2266;0;37.38;18.88;1;0
2267;0;53.24;18.39;2;1
2268;0;24.77;16.24;0;0
2269;0;12.89;14.76;0;0
2270;0;33.3;19.43;3;0
2271;0;22.44;19.65;1;0
2272;0;21.08;22.28;2;0
2273;0;29.22;13.52;2;0
2274;0;42.4;17.81;4;0
2275;1;38.83;12.33;0;0
2276;0;28.66;17.43;3;0
2277;0;21.03;21.12;0;0
2278;0;30.38;21.45;1;0
2279;0;19.24;15.77;1;0
2280;0;24.21;26.66;2;0
2281;0;34.71;17.5;0;0
2282;0;25.45;18.06;3;0
2283;0;38.61;10.24;5;1
2284;0;26.4;14.44;2;0
2285;0;26.59;15.77;1;0
2286;0;25.28;14.22;0;0
2287;0;46.19;13.18;3;0
2288;0;32.93;10.79;0;0
2289;1;41.74;24.88;1;0
2290;0;41.7;22.09;3;1
2291;0;33.34;20.13;0;0
2292;0;22.8;16.58;2;0
2293;1;38.25;16.26;1;0
2294;0;32.25;9.85;0;0
2295;0;24.29;15.12;0;0
2296;0;29.85;20.23;1;0
2297;0;15.71;18.62;2;0
2298;0;15.78;13.57;1;0
2299;0;37.69;20.07;0;0
2300;0;27.13;23.53;0;0
2301;0;24.57;15.34;2;0
2302;0;27.05;17.21;2;0
2303;0;8.48;12.81;2;0
2304;0;19.87;19.75;0;0
2305;0;25.5;7.63;3;0
2306;0;43.25;13.54;1;0
2307;0;46.02;17.06;3;0
2308;0;35.19;14.77;1;0
2309;1;24.7;25.82;0;0
2310;0;39.22;19.87;3;0
2311;0;25.76;20.59;1;0
2312;0;24.84;16.68;0;0
2313;0;43.52;15.93;3;0
2314;0;34.03;20.77;3;0
2315;0;25.62;20.97;2;0
2316;1;31.62;5.61;1;0
2317;0;36.19;15.9;3;0
2318;0;33.12;18.14;0;0
2319;0;46.33;21.51;3;0
2320;0;22.97;17.44;1;0
2321;0;26.28;22.36;1;0
2322;0;39.19;22.59;5;0
2323;0;28.12;17.31;1;0
2324;0;24.36;19.61;4;1
2325;0;46.09;20.15;2;1
2326;0;43.1;10.02;0;0
2327;0;28.41;11.2;6;1
2328;0;28.61;7.45;1;0
2329;0;17.8;21.23;1;0
2330;0;23.02;20.24;1;0
2331;0;32.54;30.75;1;0
2332;0;26.98;16.86;1;0
2333;0;24.62;14.02;2;0
2334;0;16.8;12.49;3;0
2335;1;26.83;17.27;3;1
2336;0;27.71;26.59;1;0
2337;0;30.87;28.53;4;0
2338;0;21.93;15.98;2;0
2339;0;14.62;22.16;1;0
2340;0;32.96;16.13;0;0
2341;0;18.6;20.8;0;0
2342;0;32.11;13.06;2;0
2343;1;30.58;14.45;1;1
2344;0;31.18;23.91;1;0
2345;0;48.98;11.72;0;0
2346;0;28.76;12.74;2;0
2347;1;33.24;14.59;1;1
2348;0;44.95;18.67;2;0
2349;0;35.31;17.9;0;0
2350;0;28.82;9.6;0;0
2351;0;24.06;22.36;2;0
2352;0;26.32;20.74;0;0
2353;1;22.7;18.67;1;0
2354;0;46.44;17.94;2;1
2355;0;38.18;19.2;2;0
2356;0;46.55;24.62;2;1
2357;0;27.12;23.42;1;1
2358;0;17.68;16.75;0;0
2359;0;19.62;18.48;1;0
2360;0;37.76;16.95;2;0
2361;0;19.79;8.13;3;0
2362;0;37.01;19.69;3;0
2363;0;22.0;13.37;0;0
2364;0;27.51;23.21;0;0
2365;0;33.8;20.28;1;0
2366;0;25.13;12.53;1;0
2367;0;44.59;16.91;3;0
2368;0;41.89;13.63;1;0
2369;0;29.63;11.92;4;1
2370;0;31.18;14.35;4;0
2371;0;32.62;17.08;1;0
2372;0;31.93;13.14;2;0
2373;0;44.15;12.98;0;0
2374;1;30.67;16.49;0;0
2375;0;8.81;19.57;2;0
2376;0;51.66;19.74;1;1
2377;0;21.03;14.67;1;1
2378;0;35.05;13.98;3;0
2379;0;27.93;19.86;2;0
2380;0;38.86;11.29;9;1
2381;0;34.07;11.14;1;0
2382;0;26.23;15.56;0;0
2383;0;20.89;19.85;2;0
2384;1;37.54;22.58;0;0
2385;0;36.48;21.39;0;0
2386;1;34.34;15.67;2;1
2387;0;35.62;9.32;6;1
2388;0;50.64;20.24;1;1
2389;0;36.18;16.13;0;1
2390;0;24.75;24.2;0;0
2391;0;25.99;18.12;2;0
2392;0;21.32;22.87;1;0
2393;0;23.51;6.85;0;0
2394;0;32.18;14.87;3;0
2395;0;33.88;16.56;4;0
2396;1;42.08;9.22;2;0
2397;0;50.13;16.39;1;1
2398;0;29.82;13.2;1;0
2399;0;30.5;12.16;1;0
2400;1;21.56;24.96;0;0
2401;1;40.75;23.94;1;1
2402;0;24.31;18.04;5;1
2403;0;15.62;16.86;2;0
2404;0;35.77;15.01;1;0
2405;0;34.22;17.31;1;1
2406;0;24.75;24.47;2;0
2407;1;34.6;17.03;1;1
2408;0;39.51;13.03;1;0
2409;0;14.71;24.24;2;0
2410;0;18.68;18.77;0;0
2411;0;26.52;23.47;1;0
2412;0;55.47;14.03;1;1
2413;0;33.15;16.87;0;0
2414;1;18.7;12.52;0;0
2415;0;25.01;13.69;5;1
2416;0;26.52;21.83;2;0
2417;0;16.69;15.87;2;0
2418;0;35.8;13.01;0;0
2419;0;40.78;22.24;2;1
2420;1;27.18;15.29;2;1
2421;0;33.63;11.38;4;1
2422;0;19.62;14.13;2;0
2423;0;21.05;20.08;0;0
2424;0;19.99;16.69;1;0
2425;0;17.9;16.78;2;0
2426;0;18.99;20.17;1;0
2427;0;27.08;17.2;2;0
2428;0;13.89;17.87;6;1
2429;0;40.46;17.82;2;0
2430;0;21.78;21.05;0;0
2431;0;29.1;16.46;1;0
2432;0;18.53;22.04;4;1
2433;0;37.4;17.65;2;0
2434;0;9.45;20.63;0;0
2435;0;48.72;26.8;1;0
2436;0;35.29;19.47;1;0
2437;0;18.63;21.19;4;1
2438;0;33.52;20.6;2;0
2439;0;29.87;14.33;1;0
2440;0;34.88;15.71;0;0
2441;0;32.83;9.49;1;0
2442;0;39.54;13.02;3;0
2443;0;17.46;12.69;0;0
2444;0;44.73;23.74;5;0
2445;0;33.49;17.09;1;0
2446;0;28.78;13.26;2;0
2447;0;34.26;10.98;1;0
2448;0;42.67;7.75;3;0
2449;0;39.17;19.13;3;0
2450;0;18.67;19.59;1;0
2451;0;47.52;17.27;2;1
2452;0;29.48;18.87;1;0
2453;0;36.45;17.99;1;0
2454;0;16.34;20.98;1;0
2455;0;17.24;21.17;1;0
2456;0;39.53;15.45;4;0
2457;0;29.67;18.49;1;0
2458;0;38.08;19.85;1;0
2459;0;35.89;15.02;4;0
2460;0;18.56;13.01;2;0
2461;0;37.4;15.29;0;0
2462;0;30.84;13.98;2;0
2463;0;30.72;14.76;2;0
2464;0;16.41;12.39;1;0
2465;0;31.2;14.49;3;0
2466;0;18.34;11.93;0;0
2467;1;27.37;20.82;1;0
2468;1;24.96;24.28;1;1
2469;0;25.36;13.76;3;0
2470;0;38.73;14.41;3;0
2471;0;27.25;17.2;0;0
2472;0;23.43;19.19;1;1
2473;0;24.09;22.81;0;0
2474;0;33.39;12.78;0;0
2475;0;29.78;12.89;1;0
2476;0;24.96;14.59;1;0
2477;0;29.56;24.43;1;0
2478;0;51.88;13.3;1;0
2479;1;27.59;23.74;3;1
2480;1;25.5;24.97;3;0
2481;0;33.58;17.59;1;0
2482;0;40.83;13.01;2;0
2483;0;31.65;24.37;2;0
2484;0;19.87;23.5;0;0
2485;0;40.24;22.4;1;0
2486;0;29.44;11.15;0;0
2487;0;25.87;11.66;0;0
2488;0;30.82;15.5;0;0
2489;0;28.53;17.94;4;1
2490;0;29.82;21.31;1;0
2491;0;14.89;22.69;2;0
2492;0;34.56;12.06;0;0
2493;0;15.74;13.76;5;1
2494;0;44.69;12.71;1;0
2495;0;27.34;13.24;1;0
2496;0;24.11;14.22;1;0
2497;0;8.6;17.12;2;0
2498;0;22.93;13.26;1;0
2499;0;42.86;19.22;1;0
2500;0;36.64;20.55;1;0
2501;0;21.22;21.86;0;0
2502;0;30.38;23.04;2;0
2503;0;31.14;15.23;2;0
2504;0;28.48;11.82;1;0
2505;0;25.01;17.0;3;0
2506;0;39.12;18.02;1;0
2507;0;23.09;13.87;0;0
2508;0;34.97;11.57;2;0
2509;0;12.55;12.19;2;0
2510;0;32.18;19.85;2;0
2511;0;25.02;13.76;3;0
2512;0;23.34;15.66;0;0
2513;0;12.02;17.94;2;0
2514;0;34.78;17.44;0;0
2515;0;20.93;18.18;5;1
2516;0;22.05;13.67;2;0
2517;1;33.78;17.81;0;0
2518;0;24.67;19.86;2;0
2519;0;22.98;12.96;2;0
2520;0;21.2;21.28;1;0
2521;0;36.7;12.36;1;0
2522;0;20.26;19.41;2;0
2523;0;24.53;13.29;3;0
2524;0;39.98;18.75;1;0
2525;0;29.58;23.89;0;0
2526;1;19.55;10.4;0;1
2527;0;25.79;15.17;2;0
2528;0;26.03;19.9;3;0
2529;0;37.16;12.74;2;0
2530;0;45.08;15.19;2;0
2531;0;24.36;15.34;1;0
2532;0;32.35;21.48;2;0
2533;0;31.4;22.27;2;1
2534;0;19.6;19.1;1;0
2535;0;19.21;14.38;2;1
2536;0;50.01;19.76;0;1
2537;0;36.65;14.26;3;0
2538;0;21.9;17.74;1;0
2539;1;35.9;26.56;3;1
2540;0;12.1;15.44;1;0
2541;0;16.13;21.52;2;0
2542;0;44.1;22.92;1;1
2543;0;36.69;24.24;1;0
2544;0;16.58;22.79;3;0
2545;0;24.91;14.44;0;0
2546;0;26.84;19.89;2;0
2547;0;23.78;19.01;2;0
2548;0;26.04;22.38;1;0
2549;1;17.6;27.14;2;0
2550;0;31.59;16.35;1;0
2551;0;22.02;30.11;1;0
2552;0;40.22;18.78;1;0
2553;0;44.27;17.7;6;0
2554;0;28.44;13.93;2;0
2555;0;30.97;18.05;2;0
2556;0;19.21;12.76;2;0
2557;0;31.57;19.98;0;0
2558;0;23.15;14.03;0;0
2559;0;37.84;16.18;1;0
2560;0;33.54;22.48;1;0
2561;0;24.04;15.84;1;0
2562;0;35.36;8.08;1;0
2563;0;20.15;15.11;1;0
2564;0;26.04;19.52;1;0
2565;0;18.41;15.61;0;0
2566;0;28.66;15.95;2;0
2567;0;42.02;25.81;2;1
2568;1;38.11;20.68;3;0
2569;0;28.37;18.85;3;0
2570;0;20.13;12.25;1;0
2571;0;32.45;19.26;2;0
2572;0;54.03;13.0;1;1
2573;0;53.04;15.3;1;1
2574;0;24.82;17.26;1;0
2575;0;22.37;15.24;1;1
2576;0;32.88;19.69;2;0
2577;0;31.47;18.11;2;0
2578;0;32.86;14.37;0;0
2579;0;24.89;16.7;1;0
2580;0;12.1;25.87;0;0
2581;0;20.94;16.15;4;1
2582;0;34.85;11.98;2;0
2583;0;21.88;20.47;1;0
2584;0;36.87;17.94;3;0
2585;0;25.5;18.57;3;0
2586;0;27.9;17.51;1;0
2587;0;36.04;19.26;3;0
2588;0;28.44;16.55;2;0
2589;0;26.25;18.46;1;0
2590;0;30.14;18.0;3;0
2591;0;39.3;22.76;1;1
2592;0;34.49;15.18;5;0
2593;0;25.43;17.06;0;0
2594;1;58.7;17.29;1;1
2595;0;45.03;23.9;1;1
2596;0;20.74;11.76;1;0
2597;0;30.12;22.98;2;0
2598;0;22.63;17.55;1;0
2599;0;38.27;23.76;0;1
2600;0;35.43;14.82;1;0
2601;0;29.43;21.01;1;0
2602;1;27.61;14.2;2;1
2603;0;47.8;15.15;2;0
2604;0;35.41;14.4;3;0
2605;0;41.38;23.27;2;0
2606;0;38.11;26.77;1;1
2607;0;32.18;20.34;3;0
2608;0;28.61;23.03;4;0
2609;0;39.59;12.93;1;0
2610;0;26.35;12.1;1;0
2611;0;26.25;17.32;0;0
2612;0;39.9;16.63;2;0
2613;0;40.8;11.99;1;0
2614;1;50.73;22.99;0;1
2615;0;28.22;20.07;1;0
2616;0;18.97;18.13;0;0
2617;0;29.67;15.32;2;0
2618;1;29.84;17.9;1;0
2619;1;26.78;16.12;3;1
2620;0;35.05;14.99;1;0
2621;0;35.28;17.09;4;0
2622;0;24.62;17.53;4;0
2623;0;44.0;11.01;2;0
2624;0;38.57;15.49;0;1
2625;0;25.99;14.55;2;0
2626;0;26.64;20.1;2;0
2627;0;25.64;25.15;1;0
2628;0;37.57;17.38;4;0
2629;0;54.81;24.07;1;1
2630;0;26.11;22.28;2;0
2631;0;36.57;11.81;2;0
2632;0;29.65;16.72;1;0
2633;0;30.69;19.55;0;0
2634;0;20.93;15.47;2;0
2635;0;28.17;21.88;1;0
2636;0;34.03;10.09;2;0
2637;0;26.32;24.45;3;0
2638;0;21.32;22.23;2;0
2639;0;31.31;26.57;1;0
2640;0;46.7;16.45;3;0
2641;1;24.14;20.54;1;0
2642;1;25.76;12.56;1;0
2643;0;21.22;11.31;3;0
2644;0;30.46;18.95;0;0
2645;1;41.89;15.47;2;1
2646;0;39.56;15.84;5;0
2647;0;48.96;21.74;0;1
2648;0;29.04;20.12;1;0
2649;0;36.74;16.79;1;0
2650;0;23.58;18.31;2;0
2651;0;35.82;20.29;3;0
2652;0;30.91;13.44;0;0
2653;0;10.47;21.68;1;0
2654;0;35.31;16.72;1;0
2655;0;37.26;14.2;1;0
2656;0;38.59;21.99;2;0
2657;0;41.8;20.41;3;0
2658;0;43.74;15.71;0;0
2659;0;20.59;18.36;2;0
2660;0;51.26;21.9;4;1
2661;0;39.76;18.61;0;0
2662;1;16.93;26.24;2;1
2663;0;28.87;15.56;2;0
2664;1;33.8;14.16;1;1
2665;1;19.75;19.52;3;0
2666;1;43.5;11.98;1;1
2667;0;31.91;18.79;3;0
2668;0;33.3;18.18;0;0
2669;0;22.0;15.76;2;0
2670;0;37.57;12.84;2;0
2671;0;23.89;15.88;2;0
2672;1;47.24;13.24;0;1
2673;0;38.23;21.25;3;1
2674;0;18.55;18.48;0;0
2675;0;35.33;10.5;0;0
2676;0;35.0;21.85;0;0
2677;0;52.46;12.82;4;1
2678;0;41.24;17.77;2;0
2679;0;39.03;11.74;1;0
2680;0;28.22;19.88;2;0
2681;0;24.62;17.05;0;1
2682;1;18.04;10.5;0;0
2683;0;37.71;14.11;1;0
2684;0;34.78;18.06;2;0
2685;0;36.3;14.16;3;0
2686;0;25.84;23.37;2;0
2687;1;44.34;13.91;1;1
2688;0;28.29;26.95;1;0
2689;0;30.24;14.22;0;0
2690;0;39.97;16.73;3;0
2691;0;31.76;14.76;2;0
2692;1;45.63;14.82;1;0
2693;0;32.66;21.23;3;0
2694;0;40.92;22.9;0;1
2695;0;30.58;12.73;2;0
2696;0;53.4;18.9;3;1
2697;0;27.54;27.6;0;0
2698;0;29.89;23.32;1;0
2699;0;18.6;17.64;0;0
2700;0;43.37;19.6;3;1
2701;1;35.48;14.73;3;0
2702;0;36.48;8.21;1;0
2703;0;8.36;12.23;1;0
2704;0;24.02;11.47;2;0
2705;0;43.04;20.22;4;0
2706;0;35.02;16.84;0;0
2707;0;6.87;14.65;2;0
2708;0;49.5;19.91;1;1
2709;0;12.1;10.6;0;0
2710;0;44.51;20.83;0;1
2711;0;32.52;22.23;1;0
2712;0;22.66;21.72;0;0
2713;0;31.21;17.32;2;0
2714;0;26.38;16.62;1;0
2715;0;48.13;15.76;1;0
2716;0;31.71;15.13;2;0
2717;0;27.76;11.56;0;0
2718;0;34.58;15.55;1;0
2719;0;30.28;18.09;1;0
2720;0;33.3;7.57;1;0
2721;0;50.2;10.83;1;0
2722;0;23.14;13.29;2;0
2723;0;19.4;13.73;2;0
2724;0;47.45;15.34;2;1
2725;0;28.78;11.86;0;0
2726;0;36.45;11.73;2;0
2727;1;43.49;12.13;0;0
2728;0;25.19;24.23;2;0
2729;0;20.28;19.03;2;0
2730;0;32.69;16.99;1;0
2731;0;41.68;18.46;0;1
2732;1;36.75;30.91;5;1
2733;0;29.31;21.81;2;0
2734;1;29.8;13.03;1;0
2735;1;28.73;16.05;0;1
2736;0;0.44;21.59;3;0
2737;0;31.3;17.99;1;0
2738;0;30.92;12.88;1;0
2739;0;27.22;17.85;0;0
2740;0;32.27;14.76;0;0
2741;0;37.94;18.4;1;0
2742;0;36.72;19.13;2;0
2743;0;33.75;22.66;2;0
2744;0;27.12;16.61;1;0
2745;0;17.85;15.35;2;1
2746;0;34.77;13.8;3;0
2747;0;46.58;19.7;0;1
2748;0;26.98;15.44;2;0
2749;0;39.08;17.2;1;0
2750;0;23.43;15.95;1;0
2751;0;30.5;22.98;0;0
2752;0;23.68;15.16;3;0
2753;0;1.33;14.57;2;0
2754;0;31.13;12.53;1;0
2755;0;35.17;22.3;0;0
2756;0;23.8;13.06;2;0
2757;0;30.46;24.08;2;0
2758;0;30.16;20.43;0;0
2759;0;19.65;14.26;1;0
2760;1;40.34;15.02;0;1
2761;0;30.86;15.9;1;0
2762;0;8.76;13.94;3;0
2763;0;26.47;15.76;3;0
2764;0;41.65;22.53;2;0
2765;0;22.39;13.86;1;0
2766;1;18.89;26.64;1;0
2767;0;15.05;27.61;3;0
2768;0;19.72;12.76;1;0
2769;0;26.44;11.31;1;0
2770;0;18.11;19.18;2;0
2771;0;29.78;16.93;1;0
2772;0;26.3;15.11;4;1
2773;0;42.02;19.17;2;1
2774;1;37.13;20.12;0;1
2775;0;38.68;19.97;1;0
2776;0;31.45;21.21;0;0
2777;0;31.76;21.54;2;0
2778;0;27.0;18.0;1;0
2779;0;35.48;18.09;0;0
2780;0;31.6;18.02;3;0
2781;0;37.83;14.42;2;0
2782;0;34.19;14.51;3;0
2783;0;28.54;20.71;1;0
2784;0;40.65;20.7;3;1
2785;0;29.87;18.0;5;1
2786;0;18.9;22.4;6;1
2787;0;14.91;18.26;1;0
2788;0;41.5;20.99;0;0
2789;0;28.05;10.82;2;0
2790;0;21.66;8.78;0;0
2791;0;33.12;24.88;0;0
2792;0;9.3;21.77;1;0
2793;0;48.18;19.05;2;0
2794;1;43.86;20.95;0;1
2795;0;15.39;17.99;1;0
2796;0;40.05;9.85;0;0
2797;0;24.23;19.67;2;0
2798;0;9.18;15.24;1;0
2799;0;36.52;11.14;3;0
2800;1;42.74;16.71;0;1
2801;0;23.63;21.31;4;0
2802;0;19.94;17.74;2;0
2803;0;44.88;11.24;3;0
2804;0;14.04;17.34;1;0
2805;1;29.89;21.56;1;0
2806;0;37.47;17.95;2;0
2807;0;36.89;12.95;2;0
2808;0;21.93;24.65;1;0
2809;0;25.59;13.0;1;0
2810;0;32.86;22.38;0;0
2811;0;32.22;8.82;2;0
2812;0;23.43;20.02;2;0
2813;0;21.98;12.13;3;0
2814;0;19.65;18.16;1;0
2815;0;37.72;21.65;2;0
2816;0;44.83;15.85;1;1
2817;0;10.42;16.52;1;0
2818;1;31.25;14.0;1;0
2819;0;28.46;12.22;0;1
2820;0;26.2;16.6;4;0
2821;0;42.84;14.47;0;0
2822;1;27.73;24.79;0;0
2823;0;33.71;15.9;2;0
2824;0;55.2;20.09;0;1
2825;0;21.81;18.3;2;0
2826;0;31.94;17.04;2;0
2827;0;21.96;18.2;5;1
2828;1;21.34;10.96;4;1
2829;0;43.72;19.07;1;0
2830;0;21.18;12.44;1;0
2831;0;29.77;18.44;1;0
2832;0;21.13;14.74;3;0
2833;0;46.17;13.26;2;0
2834;0;37.38;12.18;1;0
2835;0;31.16;17.12;3;0
2836;0;17.19;18.22;2;0
2837;0;34.56;19.46;1;0
2838;0;29.82;16.15;2;0
2839;0;45.22;18.24;2;1
2840;0;29.17;11.57;0;0
2841;0;13.38;19.18;0;0
2842;0;36.02;18.28;0;0
2843;0;10.83;16.64;1;0
2844;0;29.48;18.16;1;0
2845;1;40.41;17.6;0;0
2846;0;38.4;13.84;1;0
2847;1;29.41;17.8;0;0
2848;0;38.23;12.22;0;0
2849;0;40.41;15.43;1;0
2850;0;23.29;18.45;2;0
2851;0;24.23;14.97;2;0
2852;0;24.21;10.73;1;0
2853;0;24.99;16.77;2;0
2854;0;37.45;16.03;1;0
2855;0;25.36;22.16;1;0
2856;0;34.75;11.69;0;0
2857;0;36.86;17.62;1;0
2858;0;52.36;21.06;1;0
2859;0;9.86;5.74;0;0
2860;0;29.44;20.08;2;0
2861;0;35.75;20.55;4;0
2862;0;10.01;25.97;0;0
2863;0;40.26;14.2;3;0
2864;0;38.91;13.66;0;0
2865;0;15.3;23.49;2;1
2866;0;24.94;9.03;2;0
2867;0;40.34;13.09;1;0
2868;1;27.68;19.52;0;1
2869;0;31.77;21.79;1;0
2870;0;14.64;22.08;2;0
2871;0;36.09;18.31;2;0
2872;0;25.67;10.25;2;0
2873;0;26.96;11.08;2;0
2874;0;50.32;19.24;0;1
2875;0;36.09;21.38;3;0
2876;0;39.85;15.24;3;0
2877;0;30.06;15.94;2;0
2878;0;26.74;21.9;0;0
2879;0;24.92;14.69;1;0
2880;0;44.29;8.7;1;0
2881;0;24.84;23.58;1;0
2882;1;21.17;12.0;2;1
2883;0;35.6;20.18;1;0
2884;0;48.57;14.24;1;1
2885;0;32.45;13.72;1;0
2886;0;24.55;22.49;1;0
2887;0;35.5;11.3;2;0
2888;0;13.19;17.6;1;0
2889;0;46.09;20.18;1;1
2890;0;40.94;12.28;0;0
2891;0;19.52;16.37;0;0
2892;0;23.6;12.07;1;0
2893;0;35.67;13.18;0;0
2894;0;22.93;21.11;3;0
2895;1;27.88;13.01;0;0
2896;0;41.74;16.38;1;0
2897;0;13.65;16.99;0;0
2898;0;15.42;17.64;2;0
2899;0;32.35;21.81;1;0
2900;0;18.46;17.84;1;1
2901;0;15.27;19.82;4;1
2902;0;42.91;15.96;2;0
2903;0;31.18;22.87;5;0
2904;1;31.18;12.06;2;0
2905;0;26.38;11.55;3;0
2906;0;28.19;15.89;1;0
2907;0;35.6;23.27;0;0
2908;0;47.48;17.14;2;1
2909;0;29.6;8.42;2;0
2910;0;29.87;15.69;2;0
2911;1;43.61;18.88;1;0
2912;0;28.93;15.94;0;0
2913;0;23.73;21.27;1;0
2914;0;35.5;12.08;4;0
2915;0;35.72;21.16;4;0
2916;0;19.31;13.48;2;0
2917;0;34.44;13.86;0;0
2918;0;29.65;22.59;4;0
2919;0;35.8;13.96;0;0
2920;0;20.66;21.51;1;0
2921;0;21.73;15.44;2;0
2922;0;22.98;20.57;2;0
2923;0;16.9;23.38;2;0
2924;0;47.07;20.99;1;1
2925;0;27.78;20.41;2;1
2926;0;48.86;20.0;4;1
2927;0;20.49;19.36;1;0
2928;0;31.3;17.42;2;0
2929;0;31.45;19.76;3;0
2930;0;27.35;12.26;1;0
2931;0;35.29;21.39;2;0
2932;0;35.56;0.0;1;0
2933;1;26.93;26.06;1;0
2934;0;25.33;11.14;2;1
2935;0;34.77;17.75;0;0
2936;0;49.1;14.95;0;1
2937;0;18.46;17.54;0;0
2938;0;16.58;22.13;1;0
2939;0;28.31;22.19;0;0
2940;0;26.55;7.65;1;0
2941;0;38.28;21.83;4;0
2942;1;48.86;22.07;1;1
2943;0;29.8;20.51;0;0
2944;0;17.36;18.66;0;0
2945;0;26.84;22.07;0;0
2946;0;24.91;20.94;1;0
2947;0;41.79;24.37;1;1
2948;1;30.21;18.33;1;0
2949;1;42.64;12.96;2;0
2950;0;20.03;16.93;0;1
2951;0;20.35;16.12;2;0
2952;0;41.17;19.22;5;1
2953;0;27.78;21.19;7;0
2954;0;27.37;17.68;3;0
2955;0;21.88;14.41;1;0
2956;0;13.87;22.79;1;0
2957;0;35.31;16.97;1;0
2958;0;21.86;18.38;6;1
2959;0;39.66;17.83;1;0
2960;0;30.96;11.47;5;1
2961;0;28.56;13.87;6;1
2962;0;42.77;14.88;1;0
2963;0;31.25;15.59;0;0
2964;0;43.59;18.23;3;1
2965;0;30.63;8.3;1;0
2966;0;38.73;13.75;1;0
2967;0;25.13;23.53;0;0
2968;0;39.93;23.02;1;1
2969;0;18.85;18.14;2;0
2970;0;21.17;19.69;1;0
2971;1;39.7;15.95;0;1
2972;0;33.54;11.99;2;1
2973;0;9.89;17.18;0;0
2974;0;36.16;19.14;1;0
2975;0;25.76;11.19;0;0
2976;1;24.87;18.59;1;0
2977;0;33.17;12.65;0;0
2978;0;35.51;18.26;1;0
2979;0;23.07;17.71;7;1
2980;0;38.4;23.43;3;1
2981;0;20.77;14.21;1;0
2982;0;26.06;19.08;2;0
2983;0;36.38;16.35;1;0
2984;0;33.12;14.21;1;0
2985;0;35.14;23.89;3;0
2986;0;31.96;12.86;2;0
2987;1;20.79;10.1;3;1
2988;0;44.08;14.89;3;0
2989;1;19.57;17.96;2;1
2990;0;29.39;11.7;1;0
2991;1;26.59;11.08;1;0
2992;0;21.78;12.19;1;0
2993;0;33.42;14.47;1;0
2994;0;38.74;25.72;1;1
2995;0;33.13;16.29;2;0
2996;0;7.63;11.41;1;0
2997;0;44.68;18.34;0;0
2998;0;35.9;21.48;0;0
2999;0;34.68;19.13;1;0
3000;0;37.94;10.84;3;0
3001;0;20.23;15.94;1;0
3002;0;45.24;19.14;3;1
3003;0;22.85;12.95;1;0
3004;0;29.09;21.86;1;0
3005;0;28.99;21.62;2;0
3006;0;30.35;12.49;1;0
3007;0;34.88;13.16;3;0
3008;0;39.58;15.6;0;0
3009;0;40.78;21.57;5;0
3010;0;9.45;24.54;2;0
3011;0;26.1;20.56;1;0
3012;0;18.67;16.12;1;0
3013;0;33.34;15.77;2;0
3014;0;28.36;12.2;0;0
3015;0;19.24;22.94;2;0
3016;0;34.51;12.83;1;0
3017;0;41.28;19.9;5;0
3018;0;26.61;11.92;2;0
3019;0;45.34;13.45;3;1
3020;0;30.94;18.37;1;0
3021;0;14.6;16.48;0;0
3022;0;24.92;9.76;0;0
3023;0;18.79;17.71;4;1
3024;0;20.16;16.97;1;0
3025;0;33.59;6.8;2;0
3026;0;35.75;16.34;6;0
3027;0;37.45;24.29;4;0
3028;0;25.5;19.75;1;0
3029;0;27.49;17.65;0;0
3030;0;32.54;14.23;3;0
3031;1;24.94;12.61;3;0
3032;0;18.6;8.61;1;0
3033;0;24.5;21.23;1;0
3034;0;42.31;14.52;1;0
3035;0;14.57;18.84;4;1
3036;0;36.52;17.82;3;0
3037;0;27.01;20.64;0;0
3038;0;18.7;12.03;2;0
3039;0;25.98;15.61;1;0
3040;0;24.75;16.75;0;0
3041;0;15.86;16.97;0;0
3042;0;36.86;15.96;0;0
3043;0;34.32;13.15;1;0
3044;0;24.89;19.13;1;0
3045;0;46.36;19.12;2;1
3046;0;3.21;21.96;1;0
3047;0;29.38;16.44;2;0
3048;0;32.33;13.35;0;0
3049;0;22.2;17.69;3;0
3050;0;26.93;15.98;4;1
3051;0;28.31;20.08;1;0
3052;0;21.98;17.24;2;0
3053;0;33.88;16.44;0;0
3054;0;31.47;19.81;0;0
3055;0;29.82;16.78;2;0
3056;0;44.78;12.91;2;0
3057;0;16.01;22.45;1;0
3058;0;32.2;18.62;3;0
3059;0;20.06;14.21;2;0
3060;0;36.06;16.1;3;0
3061;0;37.74;15.9;2;0
3062;0;37.88;15.34;0;0
3063;0;32.3;9.91;1;0
3064;0;46.21;20.16;4;1
3065;0;33.22;22.8;3;0
3066;0;33.93;18.22;3;0
3067;0;17.0;14.75;0;0
3068;0;27.3;18.96;2;0
3069;0;26.98;13.64;1;0
3070;0;26.27;18.21;3;1
3071;0;32.69;10.99;1;0
3072;0;51.87;15.98;0;1
3073;0;32.81;13.06;2;0
3074;0;12.33;17.34;1;0
3075;0;17.88;29.01;2;0
3076;0;30.69;11.45;2;0
3077;0;36.5;26.72;0;0
3078;0;14.76;9.19;1;0
3079;0;22.36;14.86;5;1
3080;0;23.02;20.15;0;0
3081;0;29.63;21.6;6;0
3082;0;34.66;16.3;3;0
3083;0;40.04;12.1;0;0
3084;0;26.69;21.84;2;0
3085;1;19.02;18.96;3;0
3086;1;40.17;12.99;3;0
3087;0;27.81;24.09;0;0
3088;0;36.31;14.95;1;0
3089;0;24.38;14.45;3;0
3090;0;13.31;16.85;1;0
3091;0;16.51;19.38;1;0
3092;0;16.0;12.55;0;0
3093;0;38.47;23.32;2;1
3094;0;22.75;13.5;1;0
3095;0;32.35;21.17;1;0
3096;0;50.13;14.08;3;0
3097;0;31.52;16.27;2;0
3098;0;30.52;16.31;0;0
3099;0;26.86;17.67;0;0
3100;0;29.41;16.18;0;0
3101;0;22.81;18.01;1;0
3102;0;21.28;19.63;3;0
3103;0;33.3;19.3;2;0
3104;0;36.41;15.4;0;0
3105;0;37.59;20.12;0;0
3106;0;22.44;14.73;1;0
3107;0;26.79;16.86;1;0
3108;0;18.75;15.5;2;0
3109;1;27.46;16.4;0;0
3110;0;29.21;20.46;1;0
3111;0;35.87;13.18;1;0
3112;0;23.68;16.35;7;1
3113;0;49.57;18.79;2;1
3114;0;23.63;11.3;0;0
3115;0;39.92;16.93;4;0
3116;0;31.89;17.12;1;0
3117;0;27.17;17.86;2;0
3118;0;30.11;16.49;1;0
3119;0;20.04;13.63;0;0
3120;0;42.09;21.79;2;0
3121;0;28.88;11.76;1;0
3122;0;31.45;17.31;3;0
3123;0;34.83;17.09;0;0
3124;0;38.34;15.47;3;0
3125;0;28.85;12.02;4;1
3126;0;40.68;18.99;0;0
3127;0;19.26;16.82;4;1
3128;0;27.52;19.56;3;0
3129;0;22.66;15.78;2;0
3130;0;29.02;9.34;3;0
3131;0;32.25;13.27;5;0
3132;0;54.79;19.58;2;1
3133;0;21.15;27.28;2;0
3134;0;24.97;9.72;3;0
3135;0;32.74;17.54;1;0
3136;0;16.37;15.27;1;0
3137;0;22.42;14.25;3;0
3138;0;25.02;14.89;2;0
3139;0;24.33;20.37;2;0
3140;0;47.67;15.25;5;0
3141;0;40.32;18.11;1;0
3142;0;31.31;15.44;2;0
3143;0;18.55;15.9;3;0
3144;0;23.48;13.45;5;1
3145;0;31.76;17.65;3;0
3146;0;26.42;24.73;1;0
3147;0;41.7;10.45;4;0
3148;1;35.0;23.58;0;1
3149;0;35.22;18.2;1;0
3150;0;25.76;21.14;2;0
3151;0;37.72;23.65;0;1
3152;0;32.3;20.96;1;0
3153;0;37.54;13.28;2;0
3154;0;29.53;17.34;2;0
3155;0;19.52;12.75;2;0
3156;0;19.35;16.35;3;0
3157;1;24.34;15.26;4;1
3158;0;31.35;17.32;3;0
3159;0;38.66;21.08;1;0
3160;0;38.08;17.91;0;0
3161;0;36.75;15.78;2;0
3162;0;22.08;19.56;0;0
3163;0;39.12;24.45;2;0
3164;0;34.75;23.22;1;0
3165;0;36.82;14.71;1;0
3166;0;42.08;19.16;2;1
3167;0;38.78;11.59;1;0
3168;0;38.4;25.42;1;1
3169;0;17.6;10.02;4;1
3170;0;19.64;21.44;0;0
3171;0;37.2;12.61;1;0
3172;0;38.05;20.81;3;0
3173;0;24.45;15.64;3;0
3174;0;5.08;10.97;2;0
3175;0;47.04;17.31;0;0
3176;0;24.04;12.44;0;0
3177;0;26.16;11.96;1;0
3178;0;32.39;17.47;0;0
3179;0;32.74;15.21;1;0
3180;1;25.81;8.81;1;0
3181;0;36.65;16.4;5;0
3182;0;30.6;19.47;3;0
3183;0;26.74;16.79;2;0
3184;0;33.41;13.48;0;0
3185;0;40.85;13.81;0;0
3186;0;32.86;13.15;3;0
3187;0;36.02;23.32;1;0
3188;1;37.18;13.23;1;0
3189;1;41.96;17.54;0;1
3190;0;29.7;12.58;6;1
3191;0;40.8;11.4;0;1
3192;0;30.8;15.1;2;0
3193;0;19.33;14.03;1;0
3194;0;29.7;13.65;0;0
3195;0;35.89;19.0;2;0
3196;0;28.78;15.18;1;0
3197;0;42.06;14.95;0;0
3198;0;22.3;19.33;2;0
3199;0;27.44;13.91;1;0
3200;1;18.22;7.38;1;0
3201;0;36.02;17.25;1;0
3202;0;27.27;24.3;3;0
3203;0;39.22;21.83;1;0
3204;0;39.54;21.54;1;0
3205;0;50.1;25.04;1;1
3206;0;22.68;19.03;1;0
3207;0;52.05;16.12;0;0
3208;0;40.26;15.84;2;0
3209;1;21.37;23.45;3;1
3210;1;28.63;23.46;1;0
3211;0;12.05;11.43;2;0
3212;0;17.85;10.35;0;0
3213;0;25.86;18.32;1;0
3214;1;30.75;16.57;3;0
3215;0;26.62;13.73;1;0
3216;0;30.69;19.05;0;0
3217;0;40.6;19.55;1;0
3218;0;30.96;18.16;2;0
3219;0;23.73;28.29;2;0
3220;0;34.05;21.56;0;0
3221;0;26.1;21.39;1;0
3222;1;21.79;14.59;3;0
3223;0;27.12;17.2;2;0
3224;0;38.49;23.53;3;1
3225;0;42.82;16.54;2;0
3226;0;44.97;16.49;2;1
3227;0;26.13;16.03;0;0
3228;0;39.46;17.92;5;0
3229;0;34.32;18.05;1;0
3230;0;31.77;15.52;1;0
3231;0;33.42;15.35;1;0
3232;0;39.46;14.3;1;0
3233;0;28.22;6.34;0;0
3234;0;34.1;13.95;1;0
3235;0;23.97;18.02;3;0
3236;0;41.65;18.44;0;0
3237;1;23.94;19.43;1;0
3238;0;43.37;22.69;3;1
3239;0;21.25;20.0;2;0
3240;0;30.7;23.83;1;0
3241;1;42.28;14.65;1;1
3242;0;30.28;20.12;0;0
3243;1;20.77;11.19;5;1
3244;0;39.32;19.1;1;0
3245;0;18.9;10.38;3;0
3246;1;17.54;20.09;0;1
3247;0;23.53;13.51;4;1
3248;0;24.87;18.41;0;0
3249;0;35.07;20.49;0;0
3250;0;22.44;23.77;0;0
3251;0;46.68;13.69;2;0
3252;0;31.5;19.15;0;0
3253;0;26.32;15.06;1;0
3254;0;30.46;24.07;1;0
3255;1;48.65;15.91;2;1
3256;0;45.56;13.06;3;0
3257;0;23.38;16.84;2;0
3258;0;41.31;16.3;2;0
3259;0;22.93;18.83;1;0
3260;0;39.81;18.42;1;0
3261;0;29.77;14.61;1;0
3262;0;24.17;22.3;1;0
3263;0;22.51;17.03;2;0
3264;0;16.63;17.61;0;0
3265;0;45.37;19.52;3;1
3266;0;26.38;22.81;3;0
3267;0;34.03;20.82;1;0
3268;0;49.15;19.87;2;1
3269;1;33.73;21.21;1;0
3270;0;30.65;17.68;2;0
3271;0;14.67;20.29;2;0
3272;0;50.15;19.01;2;1
3273;0;40.95;14.23;3;0
3274;0;35.31;18.49;1;0
3275;0;21.85;13.91;1;0
3276;0;38.15;12.41;1;0
3277;0;28.03;10.75;2;0
3278;0;40.46;13.98;2;0
3279;0;39.27;18.9;2;0
3280;0;18.24;20.25;4;1
3281;0;31.45;15.51;1;0
3282;0;41.5;17.29;3;0
3283;0;40.53;20.95;3;0
3284;0;23.99;19.1;1;0
3285;0;26.88;9.79;0;0
3286;0;37.42;18.89;0;0
3287;0;33.92;11.48;4;1
3288;0;18.62;24.32;1;0
3289;0;31.82;9.75;1;0
3290;0;18.34;15.9;0;0
3291;1;29.26;19.01;1;1
3292;0;34.65;7.46;1;0
3293;0;27.2;18.3;0;0
3294;0;8.69;17.73;1;0
3295;0;38.71;14.45;1;0
3296;0;34.65;17.43;1;0
3297;0;41.09;14.09;1;0
3298;0;13.28;20.34;1;0
3299;0;31.93;12.68;2;0
3300;0;21.61;19.41;1;0
3301;0;47.6;17.19;0;1
3302;1;26.04;17.92;1;0
3303;0;23.31;13.23;2;0
3304;1;31.64;16.88;4;1
3305;0;38.1;20.3;2;0
3306;0;14.21;17.33;1;0
3307;0;34.66;19.89;4;0
3308;0;35.92;14.08;1;0
3309;1;37.3;19.18;4;0
3310;0;32.37;7.82;2;0
3311;0;25.11;24.08;2;0
3312;0;39.08;12.27;2;0
3313;0;17.48;12.21;1;0
3314;0;30.38;19.86;1;0
3315;0;25.25;9.73;0;0
3316;0;27.9;18.62;0;0
3317;1;33.52;16.02;1;0
3318;0;21.23;25.54;2;0
3319;0;19.62;17.84;3;0
3320;1;23.8;16.69;4;1
3321;0;32.96;7.23;3;0
3322;0;54.59;22.57;4;1
3323;0;20.13;21.19;5;1
3324;0;28.87;16.8;1;0
3325;0;32.88;9.94;2;0
3326;0;18.12;24.21;1;0
3327;0;22.9;16.12;2;0
3328;0;26.55;18.32;2;0
3329;0;39.29;13.04;3;0
3330;0;30.74;24.55;2;0
3331;1;36.35;13.57;2;0
3332;0;39.85;22.6;0;0
